{
  "variant": "wiki_faithful_markdown",
  "languages": {
    "en": "English",
    "hi": "Hindi",
    "te": "Telugu",
    "mr": "Marathi"
  },
  "weights": {
    "en": 3,
    "hi": 4,
    "te": 4,
    "mr": 2
  },
  "vocab_size": 10000,
  "faithful_units": {
    "en": 186367,
    "hi": 88359,
    "te": 36292,
    "mr": 29766
  },
  "unit_policy": "Counts each contiguous Unicode letter/mark/number run as one unit and each visible non-space punctuation/symbol character as one unit.",
  "token_counts": {
    "en": 114772,
    "hi": 51270,
    "te": 24751,
    "mr": 23913
  },
  "ratios": {
    "en": 0.6158386409611144,
    "hi": 0.5802464944148304,
    "te": 0.6819960321834013,
    "mr": 0.803366256803064
  },
  "spread": 0.2231197623882335,
  "score": 4481.89792466692
}