
==============================================================================
== V5 TRAINING DATA EXECUTION SYSTEM — FULL DEMONSTRATION
==============================================================================

==============================================================================
== SHARDS AND MANIFESTS
==============================================================================
[PASS] tokenizer_hash_verified {"path":"tokenizer.json","tokenizer_hash":"358592476e854961fc96cfd13f5e3a73c27e4c5d89de7508ea1145c552103c87","tokenizer_id":"s2-wiki-faithful-bpe-10k","vocab_size":10000}
[    0.26s] EVENT shard_created {"anneal_reserve":false,"kind":"stream","lane":"web","shard_id":"web-stream-000-72fde21f0794","tokens":26461}
[    0.46s] EVENT shard_created {"anneal_reserve":false,"kind":"stream","lane":"web","shard_id":"web-stream-001-5f99abfdc296","tokens":26711}
[    0.64s] EVENT shard_created {"anneal_reserve":false,"kind":"stream","lane":"web","shard_id":"web-stream-002-94533281ae21","tokens":25209}
[    0.83s] EVENT shard_created {"anneal_reserve":true,"kind":"stream","lane":"web","shard_id":"web-stream-003-7602c2361ae7","tokens":28492}
[    1.08s] EVENT shard_created {"anneal_reserve":false,"kind":"stream","lane":"code","shard_id":"code-stream-000-928ee90c6459","tokens":41485}
[    1.38s] EVENT shard_created {"anneal_reserve":false,"kind":"stream","lane":"code","shard_id":"code-stream-001-4c1dae09f5ea","tokens":40025}
[    1.82s] EVENT shard_created {"anneal_reserve":true,"kind":"stream","lane":"code","shard_id":"code-stream-002-44256d8add18","tokens":38272}
[    2.08s] EVENT shard_created {"anneal_reserve":false,"kind":"stream","lane":"indic","shard_id":"indic-stream-000-7a10be42da1f","tokens":24868}
[    2.32s] EVENT shard_created {"anneal_reserve":false,"kind":"stream","lane":"indic","shard_id":"indic-stream-001-cf07c97995a5","tokens":27344}
[    2.54s] EVENT shard_created {"anneal_reserve":false,"kind":"stream","lane":"indic","shard_id":"indic-stream-002-23467b6ff456","tokens":23664}
[    2.74s] EVENT shard_created {"anneal_reserve":true,"kind":"stream","lane":"indic","shard_id":"indic-stream-003-7cb35a81775b","tokens":22231}
[    3.11s] EVENT shard_created {"anneal_reserve":false,"kind":"records","lane":"reasoning","shard_id":"reasoning-records-000-1b7ece6a0e11","tokens":5796}
[    3.16s] EVENT shard_created {"anneal_reserve":false,"kind":"records","lane":"reasoning","shard_id":"reasoning-records-001-2decf25c8be0","tokens":5873}
[    3.24s] EVENT shard_created {"anneal_reserve":false,"kind":"records","lane":"reasoning","shard_id":"reasoning-records-002-00576ef33041","tokens":12440}
[    3.32s] EVENT shard_created {"anneal_reserve":false,"kind":"records","lane":"reasoning","shard_id":"reasoning-records-003-f5693dcadeac","tokens":18720}
[    3.34s] EVENT shard_created {"anneal_reserve":true,"kind":"records","lane":"reasoning","shard_id":"reasoning-records-004-f39ca951c21c","tokens":2394}
[    3.43s] EVENT shard_created {"anneal_reserve":false,"kind":"records","lane":"agentic","shard_id":"agentic-records-000-5e93975d7b4b","tokens":12074}
[    3.52s] EVENT shard_created {"anneal_reserve":false,"kind":"records","lane":"agentic","shard_id":"agentic-records-001-0afd358d11c3","tokens":13382}
[    3.59s] EVENT shard_created {"anneal_reserve":false,"kind":"records","lane":"agentic","shard_id":"agentic-records-002-1b1daec1287a","tokens":11343}
[    3.69s] EVENT shard_created {"anneal_reserve":false,"kind":"records","lane":"agentic","shard_id":"agentic-records-003-9601fd19f6b0","tokens":11750}
[    3.80s] EVENT shard_created {"anneal_reserve":true,"kind":"records","lane":"agentic","shard_id":"agentic-records-004-ed0e198d7180","tokens":12817}
[    3.85s] EVENT shard_created {"kind":"stream","lane":"eval","never_train":true,"shard_id":"eval-holdout-000-81165d2d45aa","tokens":4133}
[    3.85s] EVENT eval_shard_registered {"content_hash":"81165d2d45aa9e58","shard_id":"eval-holdout-000-81165d2d45aa"}
[    3.85s] EVENT manifests_validated {"shards":22,"tokens":435484}

==============================================================================
== EVALUATION FIREWALL
==============================================================================
[    3.85s] EVENT eval_firewall_attempt {"note":"deliberately submitting held-out shards for admission","shard_ids":["eval-holdout-000-81165d2d45aa"]}
[    3.86s] EVENT shard_blocked {"context":"firewall_drill","reason":"eval_firewall_never_train","shard_id":"eval-holdout-000-81165d2d45aa"}
[PASS] eval_shard_blocked {"attempted":1,"blocked":1}
[PASS] tampered_tokenizer_hash_rejected {"reason":"tokenizer_hash_mismatch","shard_id":"web-stream-000-72fde21f0794"}

==============================================================================
== MIXTURE COMPILATION
==============================================================================
[    3.86s] EVENT lane_feasibility {"demand":235008,"epochs":2.199,"lane":"web","supply":106873,"verdict":"needs_repetition"}
[    3.86s] EVENT lane_feasibility {"demand":162304,"epochs":1.355,"lane":"code","supply":119782,"verdict":"needs_repetition"}
[    3.86s] EVENT lane_feasibility {"demand":119808,"epochs":1.221,"lane":"indic","supply":98107,"verdict":"needs_repetition"}
[    3.87s] EVENT lane_feasibility {"demand":96256,"epochs":2.128,"lane":"reasoning","supply":45223,"verdict":"needs_repetition"}
[    3.87s] EVENT lane_feasibility {"demand":41984,"epochs":0.684,"lane":"agentic","supply":61366,"verdict":"covered"}
[PASS] mixture_compiled {"lanes":5,"protected_floors":{"agentic":0.02,"indic":0.12,"reasoning":0.04},"steps":160}

==============================================================================
== TRAINING (crash scheduled at step 90)
==============================================================================
[    4.35s] EVENT opus_floor_override {"lane":"indic","score":0.4885,"shard_id":"indic-stream-002-23467b6ff456","step":0,"threshold":0.8388}
[    4.36s] EVENT opus_floor_override {"lane":"reasoning","score":0.4955,"shard_id":"reasoning-records-002-00576ef33041","step":0,"threshold":0.8388}
[    4.97s] EVENT opus_floor_override {"lane":"indic","score":0.4899,"shard_id":"indic-stream-001-cf07c97995a5","step":0,"threshold":0.7638}
[    4.97s] EVENT opus_floor_override {"lane":"reasoning","score":0.5219,"shard_id":"reasoning-records-001-2decf25c8be0","step":0,"threshold":0.7638}
[    5.71s] EVENT train_step {"loss":9.2203,"stage":"s1-general","step":0}
[    5.80s] EVENT opus_floor_override {"lane":"indic","score":0.4558,"shard_id":"indic-stream-002-23467b6ff456","step":1,"threshold":0.6614}
[    5.80s] EVENT opus_floor_override {"lane":"reasoning","score":0.5453,"shard_id":"reasoning-records-000-1b7ece6a0e11","step":1,"threshold":0.6614}
[    5.80s] EVENT opus_floor_override {"lane":"agentic","score":0.4198,"shard_id":"agentic-records-001-0afd358d11c3","step":1,"threshold":0.6614}
[    6.37s] EVENT opus_floor_override {"lane":"indic","score":0.498,"shard_id":"indic-stream-002-23467b6ff456","step":1,"threshold":0.7987}
[    6.37s] EVENT opus_floor_override {"lane":"reasoning","score":0.6643,"shard_id":"reasoning-records-001-2decf25c8be0","step":1,"threshold":0.7987}
[    6.37s] EVENT opus_floor_override {"lane":"agentic","score":0.2906,"shard_id":"agentic-records-002-1b1daec1287a","step":1,"threshold":0.7987}
[    6.97s] EVENT opus_floor_override {"lane":"indic","score":0.4775,"shard_id":"indic-stream-001-cf07c97995a5","step":2,"threshold":0.8767}
[    6.97s] EVENT opus_floor_override {"lane":"indic","score":0.4437,"shard_id":"indic-stream-001-cf07c97995a5","step":2,"threshold":0.8767}
[    7.71s] EVENT opus_floor_override {"lane":"indic","score":0.6773,"shard_id":"indic-stream-002-23467b6ff456","step":2,"threshold":0.8335}
[    7.71s] EVENT opus_floor_override {"lane":"indic","score":0.5126,"shard_id":"indic-stream-002-23467b6ff456","step":2,"threshold":0.8335}
[    8.35s] EVENT opus_floor_override {"lane":"indic","score":0.5163,"shard_id":"indic-stream-002-23467b6ff456","step":3,"threshold":0.8726}
[    8.35s] EVENT opus_floor_override {"lane":"reasoning","score":0.526,"shard_id":"reasoning-records-001-2decf25c8be0","step":3,"threshold":0.8726}
[    9.23s] EVENT opus_floor_override {"lane":"indic","score":0.468,"shard_id":"indic-stream-002-23467b6ff456","step":3,"threshold":0.8359}
[    9.23s] EVENT opus_floor_override {"lane":"reasoning","score":0.7492,"shard_id":"reasoning-records-000-1b7ece6a0e11","step":3,"threshold":0.8359}
[   10.11s] EVENT opus_floor_override {"lane":"indic","score":0.5191,"shard_id":"indic-stream-002-23467b6ff456","step":4,"threshold":0.8299}
[   10.11s] EVENT opus_floor_override {"lane":"reasoning","score":0.4968,"shard_id":"reasoning-records-003-f5693dcadeac","step":4,"threshold":0.8299}
[   10.11s] EVENT opus_floor_override {"lane":"agentic","score":0.3712,"shard_id":"agentic-records-000-5e93975d7b4b","step":4,"threshold":0.8299}
[   10.97s] EVENT opus_floor_override {"lane":"indic","score":0.4985,"shard_id":"indic-stream-002-23467b6ff456","step":4,"threshold":0.8088}
[   10.97s] EVENT opus_floor_override {"lane":"reasoning","score":0.6567,"shard_id":"reasoning-records-000-1b7ece6a0e11","step":4,"threshold":0.8088}
[   10.97s] EVENT opus_floor_override {"lane":"agentic","score":0.3897,"shard_id":"agentic-records-002-1b1daec1287a","step":4,"threshold":0.8088}
[   11.89s] EVENT opus_floor_override {"lane":"indic","score":0.5092,"shard_id":"indic-stream-002-23467b6ff456","step":5,"threshold":0.7964}
[   11.89s] EVENT opus_floor_override {"lane":"indic","score":0.4491,"shard_id":"indic-stream-000-7a10be42da1f","step":5,"threshold":0.7964}
[   11.89s] EVENT opus_floor_override {"lane":"reasoning","score":0.5321,"shard_id":"reasoning-records-003-f5693dcadeac","step":5,"threshold":0.7964}
[   12.70s] EVENT opus_floor_override {"lane":"indic","score":0.5785,"shard_id":"indic-stream-002-23467b6ff456","step":5,"threshold":0.817}
[   12.70s] EVENT opus_floor_override {"lane":"indic","score":0.4836,"shard_id":"indic-stream-001-cf07c97995a5","step":5,"threshold":0.817}
[   12.70s] EVENT opus_floor_override {"lane":"reasoning","score":0.5371,"shard_id":"reasoning-records-000-1b7ece6a0e11","step":5,"threshold":0.817}
[   13.37s] EVENT opus_floor_override {"lane":"indic","score":0.6173,"shard_id":"indic-stream-002-23467b6ff456","step":6,"threshold":0.8497}
[   13.38s] EVENT opus_floor_override {"lane":"reasoning","score":0.5434,"shard_id":"reasoning-records-001-2decf25c8be0","step":6,"threshold":0.8497}
[   14.00s] EVENT opus_floor_override {"lane":"indic","score":0.5528,"shard_id":"indic-stream-002-23467b6ff456","step":6,"threshold":0.8296}
[   14.00s] EVENT opus_floor_override {"lane":"reasoning","score":0.6739,"shard_id":"reasoning-records-002-00576ef33041","step":6,"threshold":0.8296}
[   14.91s] EVENT opus_floor_override {"lane":"indic","score":0.5547,"shard_id":"indic-stream-002-23467b6ff456","step":7,"threshold":0.8193}
[   14.91s] EVENT opus_floor_override {"lane":"agentic","score":0.3909,"shard_id":"agentic-records-002-1b1daec1287a","step":7,"threshold":0.8193}
[   15.65s] EVENT opus_floor_override {"lane":"indic","score":0.5655,"shard_id":"indic-stream-002-23467b6ff456","step":7,"threshold":0.8595}
[   15.68s] EVENT opus_floor_override {"lane":"agentic","score":0.3163,"shard_id":"agentic-records-003-9601fd19f6b0","step":7,"threshold":0.8595}
[   16.41s] EVENT opus_floor_override {"lane":"indic","score":0.5214,"shard_id":"indic-stream-002-23467b6ff456","step":8,"threshold":0.8075}
[   16.41s] EVENT opus_floor_override {"lane":"indic","score":0.4583,"shard_id":"indic-stream-000-7a10be42da1f","step":8,"threshold":0.8075}
[   16.41s] EVENT opus_floor_override {"lane":"reasoning","score":0.7309,"shard_id":"reasoning-records-003-f5693dcadeac","step":8,"threshold":0.8075}
[   17.12s] EVENT opus_floor_override {"lane":"indic","score":0.5047,"shard_id":"indic-stream-002-23467b6ff456","step":8,"threshold":0.8087}
[   17.12s] EVENT opus_floor_override {"lane":"indic","score":0.444,"shard_id":"indic-stream-001-cf07c97995a5","step":8,"threshold":0.8087}
[   17.12s] EVENT opus_floor_override {"lane":"reasoning","score":0.7177,"shard_id":"reasoning-records-000-1b7ece6a0e11","step":8,"threshold":0.8087}
[   17.75s] EVENT opus_floor_override {"lane":"indic","score":0.4076,"shard_id":"indic-stream-000-7a10be42da1f","step":9,"threshold":0.8822}
[   17.75s] EVENT opus_floor_override {"lane":"reasoning","score":0.7886,"shard_id":"reasoning-records-001-2decf25c8be0","step":9,"threshold":0.8822}
[   18.37s] EVENT opus_floor_override {"lane":"indic","score":0.5179,"shard_id":"indic-stream-001-cf07c97995a5","step":9,"threshold":0.8569}
[   18.37s] EVENT opus_floor_override {"lane":"reasoning","score":0.7543,"shard_id":"reasoning-records-001-2decf25c8be0","step":9,"threshold":0.8569}
[   19.06s] EVENT opus_floor_override {"lane":"indic","score":0.2893,"shard_id":"indic-stream-001-cf07c97995a5","step":10,"threshold":0.8347}
[   19.07s] EVENT opus_floor_override {"lane":"reasoning","score":0.7585,"shard_id":"reasoning-records-000-1b7ece6a0e11","step":10,"threshold":0.8347}
[   19.07s] EVENT opus_floor_override {"lane":"agentic","score":0.3406,"shard_id":"agentic-records-002-1b1daec1287a","step":10,"threshold":0.8347}
[   19.89s] EVENT opus_floor_override {"lane":"indic","score":0.5489,"shard_id":"indic-stream-002-23467b6ff456","step":10,"threshold":0.7715}
[   19.89s] EVENT opus_floor_override {"lane":"reasoning","score":0.5491,"shard_id":"reasoning-records-002-00576ef33041","step":10,"threshold":0.7715}
[   19.89s] EVENT opus_floor_override {"lane":"agentic","score":0.4318,"shard_id":"agentic-records-001-0afd358d11c3","step":10,"threshold":0.7715}
[   20.66s] EVENT train_step {"loss":7.2182,"stage":"s1-general","step":10}
[   20.67s] EVENT opus_floor_override {"lane":"indic","score":0.5819,"shard_id":"indic-stream-002-23467b6ff456","step":11,"threshold":0.8726}
[   20.67s] EVENT opus_floor_override {"lane":"reasoning","score":0.6659,"shard_id":"reasoning-records-000-1b7ece6a0e11","step":11,"threshold":0.8726}
[   21.51s] EVENT opus_floor_override {"lane":"indic","score":0.4812,"shard_id":"indic-stream-002-23467b6ff456","step":11,"threshold":0.8614}
[   21.52s] EVENT opus_floor_override {"lane":"reasoning","score":0.7569,"shard_id":"reasoning-records-001-2decf25c8be0","step":11,"threshold":0.8614}
[   22.58s] EVENT opus_floor_override {"lane":"indic","score":0.5451,"shard_id":"indic-stream-002-23467b6ff456","step":12,"threshold":0.8791}
[   22.58s] EVENT opus_floor_override {"lane":"indic","score":0.4822,"shard_id":"indic-stream-000-7a10be42da1f","step":12,"threshold":0.8791}
[   23.33s] EVENT opus_floor_override {"lane":"indic","score":0.5519,"shard_id":"indic-stream-000-7a10be42da1f","step":12,"threshold":0.8833}
[   23.33s] EVENT opus_floor_override {"lane":"indic","score":0.5438,"shard_id":"indic-stream-002-23467b6ff456","step":12,"threshold":0.8833}
[   23.96s] EVENT opus_floor_override {"lane":"indic","score":0.4695,"shard_id":"indic-stream-002-23467b6ff456","step":13,"threshold":0.8394}
[   23.96s] EVENT opus_floor_override {"lane":"reasoning","score":0.7373,"shard_id":"reasoning-records-003-f5693dcadeac","step":13,"threshold":0.8394}
[   24.65s] EVENT opus_floor_override {"lane":"indic","score":0.3883,"shard_id":"indic-stream-000-7a10be42da1f","step":13,"threshold":0.8468}
[   24.65s] EVENT opus_floor_override {"lane":"reasoning","score":0.683,"shard_id":"reasoning-records-002-00576ef33041","step":13,"threshold":0.8468}
[   25.30s] EVENT opus_floor_override {"lane":"indic","score":0.4921,"shard_id":"indic-stream-002-23467b6ff456","step":14,"threshold":0.854}
[   25.30s] EVENT opus_floor_override {"lane":"agentic","score":0.3186,"shard_id":"agentic-records-002-1b1daec1287a","step":14,"threshold":0.854}
[   25.94s] EVENT opus_floor_override {"lane":"indic","score":0.5003,"shard_id":"indic-stream-000-7a10be42da1f","step":14,"threshold":0.8818}
[   25.94s] EVENT opus_floor_override {"lane":"reasoning","score":0.602,"shard_id":"reasoning-records-000-1b7ece6a0e11","step":14,"threshold":0.8818}
[   25.94s] EVENT opus_floor_override {"lane":"agentic","score":0.3731,"shard_id":"agentic-records-001-0afd358d11c3","step":14,"threshold":0.8818}
[   26.55s] EVENT opus_floor_override {"lane":"indic","score":0.4763,"shard_id":"indic-stream-001-cf07c97995a5","step":15,"threshold":0.8426}
[   26.55s] EVENT opus_floor_override {"lane":"reasoning","score":0.7963,"shard_id":"reasoning-records-001-2decf25c8be0","step":15,"threshold":0.8426}
[   27.11s] EVENT opus_floor_override {"lane":"indic","score":0.5239,"shard_id":"indic-stream-001-cf07c97995a5","step":15,"threshold":0.8302}
[   27.11s] EVENT opus_floor_override {"lane":"reasoning","score":0.6991,"shard_id":"reasoning-records-000-1b7ece6a0e11","step":15,"threshold":0.8302}
[   27.71s] EVENT opus_floor_override {"lane":"indic","score":0.6009,"shard_id":"indic-stream-002-23467b6ff456","step":16,"threshold":0.8668}
[   27.71s] EVENT opus_floor_override {"lane":"indic","score":0.4587,"shard_id":"indic-stream-002-23467b6ff456","step":16,"threshold":0.8668}
[   27.71s] EVENT opus_floor_override {"lane":"reasoning","score":0.698,"shard_id":"reasoning-records-001-2decf25c8be0","step":16,"threshold":0.8668}
[   28.29s] EVENT opus_floor_override {"lane":"indic","score":0.4434,"shard_id":"indic-stream-000-7a10be42da1f","step":16,"threshold":0.7793}
[   28.29s] EVENT opus_floor_override {"lane":"indic","score":0.377,"shard_id":"indic-stream-001-cf07c97995a5","step":16,"threshold":0.7793}
[   28.29s] EVENT opus_floor_override {"lane":"reasoning","score":0.4922,"shard_id":"reasoning-records-003-f5693dcadeac","step":16,"threshold":0.7793}
[   29.11s] EVENT opus_floor_override {"lane":"indic","score":0.5723,"shard_id":"indic-stream-002-23467b6ff456","step":17,"threshold":0.8401}
[   29.11s] EVENT opus_floor_override {"lane":"agentic","score":0.3768,"shard_id":"agentic-records-001-0afd358d11c3","step":17,"threshold":0.8401}
[   29.79s] EVENT opus_floor_override {"lane":"indic","score":0.4486,"shard_id":"indic-stream-002-23467b6ff456","step":17,"threshold":0.8927}
[   29.79s] EVENT opus_floor_override {"lane":"agentic","score":0.298,"shard_id":"agentic-records-003-9601fd19f6b0","step":17,"threshold":0.8927}
[   30.42s] EVENT opus_floor_override {"lane":"indic","score":0.4592,"shard_id":"indic-stream-002-23467b6ff456","step":18,"threshold":0.8359}
[   30.42s] EVENT opus_floor_override {"lane":"reasoning","score":0.7427,"shard_id":"reasoning-records-000-1b7ece6a0e11","step":18,"threshold":0.8359}
[   31.14s] EVENT opus_floor_override {"lane":"indic","score":0.5673,"shard_id":"indic-stream-002-23467b6ff456","step":18,"threshold":0.8122}
[   31.14s] EVENT opus_floor_override {"lane":"reasoning","score":0.7027,"shard_id":"reasoning-records-000-1b7ece6a0e11","step":18,"threshold":0.8122}
[   31.71s] EVENT opus_floor_override {"lane":"indic","score":0.6289,"shard_id":"indic-stream-002-23467b6ff456","step":19,"threshold":0.9023}
[   31.71s] EVENT opus_floor_override {"lane":"indic","score":0.5319,"shard_id":"indic-stream-002-23467b6ff456","step":19,"threshold":0.9023}
[   31.71s] EVENT opus_floor_override {"lane":"reasoning","score":0.6305,"shard_id":"reasoning-records-000-1b7ece6a0e11","step":19,"threshold":0.9023}
[   32.26s] EVENT opus_floor_override {"lane":"indic","score":0.5216,"shard_id":"indic-stream-001-cf07c97995a5","step":19,"threshold":0.8022}
[   32.26s] EVENT opus_floor_override {"lane":"indic","score":0.4405,"shard_id":"indic-stream-000-7a10be42da1f","step":19,"threshold":0.8022}
[   32.26s] EVENT opus_floor_override {"lane":"reasoning","score":0.651,"shard_id":"reasoning-records-001-2decf25c8be0","step":19,"threshold":0.8022}
[   32.91s] EVENT opus_floor_override {"lane":"indic","score":0.508,"shard_id":"indic-stream-000-7a10be42da1f","step":20,"threshold":0.828}
[   32.92s] EVENT opus_floor_override {"lane":"reasoning","score":0.3883,"shard_id":"reasoning-records-002-00576ef33041","step":20,"threshold":0.828}
[   32.92s] EVENT opus_floor_override {"lane":"agentic","score":0.3915,"shard_id":"agentic-records-000-5e93975d7b4b","step":20,"threshold":0.828}
[   33.72s] EVENT opus_floor_override {"lane":"indic","score":0.5447,"shard_id":"indic-stream-000-7a10be42da1f","step":20,"threshold":0.8263}
[   33.72s] EVENT opus_floor_override {"lane":"reasoning","score":0.7709,"shard_id":"reasoning-records-000-1b7ece6a0e11","step":20,"threshold":0.8263}
[   33.72s] EVENT opus_floor_override {"lane":"agentic","score":0.3654,"shard_id":"agentic-records-000-5e93975d7b4b","step":20,"threshold":0.8263}
[   34.35s] EVENT train_step {"loss":6.7797,"stage":"s1-general","step":20}
[   34.36s] EVENT opus_floor_override {"lane":"indic","score":0.5148,"shard_id":"indic-stream-002-23467b6ff456","step":21,"threshold":0.894}
[   34.36s] EVENT opus_floor_override {"lane":"reasoning","score":0.5479,"shard_id":"reasoning-records-001-2decf25c8be0","step":21,"threshold":0.894}
[   34.94s] EVENT opus_floor_override {"lane":"indic","score":0.3053,"shard_id":"indic-stream-001-cf07c97995a5","step":21,"threshold":0.9307}
[   34.94s] EVENT opus_floor_override {"lane":"reasoning","score":0.8457,"shard_id":"reasoning-records-002-00576ef33041","step":21,"threshold":0.9307}
[   35.55s] EVENT opus_floor_override {"lane":"indic","score":0.4618,"shard_id":"indic-stream-002-23467b6ff456","step":22,"threshold":0.9167}
[   35.55s] EVENT opus_floor_override {"lane":"indic","score":0.4505,"shard_id":"indic-stream-002-23467b6ff456","step":22,"threshold":0.9167}
[   36.18s] EVENT opus_floor_override {"lane":"indic","score":0.6804,"shard_id":"indic-stream-000-7a10be42da1f","step":22,"threshold":0.87}
[   36.18s] EVENT opus_floor_override {"lane":"indic","score":0.6061,"shard_id":"indic-stream-002-23467b6ff456","step":22,"threshold":0.87}
[   36.82s] EVENT opus_floor_override {"lane":"indic","score":0.4828,"shard_id":"indic-stream-001-cf07c97995a5","step":23,"threshold":0.805}
[   36.82s] EVENT opus_floor_override {"lane":"reasoning","score":0.4277,"shard_id":"reasoning-records-003-f5693dcadeac","step":23,"threshold":0.805}
[   36.82s] EVENT opus_floor_override {"lane":"agentic","score":0.3602,"shard_id":"agentic-records-000-5e93975d7b4b","step":23,"threshold":0.805}
[   37.47s] EVENT opus_floor_override {"lane":"indic","score":0.4643,"shard_id":"indic-stream-001-cf07c97995a5","step":23,"threshold":0.8262}
[   37.47s] EVENT opus_floor_override {"lane":"reasoning","score":0.7972,"shard_id":"reasoning-records-002-00576ef33041","step":23,"threshold":0.8262}
[   37.47s] EVENT opus_floor_override {"lane":"agentic","score":0.3569,"shard_id":"agentic-records-002-1b1daec1287a","step":23,"threshold":0.8262}
[   38.08s] EVENT opus_floor_override {"lane":"indic","score":0.4189,"shard_id":"indic-stream-002-23467b6ff456","step":24,"threshold":0.8813}
[   38.08s] EVENT opus_floor_override {"lane":"reasoning","score":0.6776,"shard_id":"reasoning-records-000-1b7ece6a0e11","step":24,"threshold":0.8813}
[   38.78s] EVENT opus_floor_override {"lane":"indic","score":0.4072,"shard_id":"indic-stream-000-7a10be42da1f","step":24,"threshold":0.8536}
[   39.49s] EVENT opus_floor_override {"lane":"indic","score":0.5361,"shard_id":"indic-stream-002-23467b6ff456","step":25,"threshold":0.8952}
[   39.49s] EVENT opus_floor_override {"lane":"reasoning","score":0.6148,"shard_id":"reasoning-records-000-1b7ece6a0e11","step":25,"threshold":0.8952}
[   40.05s] EVENT opus_floor_override {"lane":"indic","score":0.61,"shard_id":"indic-stream-002-23467b6ff456","step":25,"threshold":0.8697}
[   40.05s] EVENT opus_floor_override {"lane":"reasoning","score":0.8079,"shard_id":"reasoning-records-001-2decf25c8be0","step":25,"threshold":0.8697}
[   40.66s] EVENT opus_floor_override {"lane":"indic","score":0.6042,"shard_id":"indic-stream-002-23467b6ff456","step":26,"threshold":0.8264}
[   40.66s] EVENT opus_floor_override {"lane":"reasoning","score":0.6981,"shard_id":"reasoning-records-002-00576ef33041","step":26,"threshold":0.8264}
[   40.66s] EVENT opus_floor_override {"lane":"agentic","score":0.2893,"shard_id":"agentic-records-000-5e93975d7b4b","step":26,"threshold":0.8264}
[   41.23s] EVENT opus_floor_override {"lane":"indic","score":0.5547,"shard_id":"indic-stream-000-7a10be42da1f","step":26,"threshold":0.7672}
[   41.23s] EVENT opus_floor_override {"lane":"reasoning","score":0.5151,"shard_id":"reasoning-records-002-00576ef33041","step":26,"threshold":0.7672}
[   41.24s] EVENT opus_floor_override {"lane":"agentic","score":0.3334,"shard_id":"agentic-records-000-5e93975d7b4b","step":26,"threshold":0.7672}
[   41.87s] EVENT opus_floor_override {"lane":"indic","score":0.5399,"shard_id":"indic-stream-002-23467b6ff456","step":27,"threshold":0.9255}
[   41.88s] EVENT opus_floor_override {"lane":"indic","score":0.4308,"shard_id":"indic-stream-002-23467b6ff456","step":27,"threshold":0.9255}
[   42.43s] EVENT opus_floor_override {"lane":"indic","score":0.6529,"shard_id":"indic-stream-002-23467b6ff456","step":27,"threshold":0.9003}
[   42.44s] EVENT opus_floor_override {"lane":"indic","score":0.5563,"shard_id":"indic-stream-002-23467b6ff456","step":27,"threshold":0.9003}
[   43.27s] EVENT opus_floor_override {"lane":"indic","score":0.6526,"shard_id":"indic-stream-002-23467b6ff456","step":28,"threshold":0.8815}
[   43.27s] EVENT opus_floor_override {"lane":"reasoning","score":0.7536,"shard_id":"reasoning-records-000-1b7ece6a0e11","step":28,"threshold":0.8815}
[   43.85s] EVENT opus_floor_override {"lane":"indic","score":0.4928,"shard_id":"indic-stream-000-7a10be42da1f","step":28,"threshold":0.8575}
[   43.85s] EVENT opus_floor_override {"lane":"reasoning","score":0.67,"shard_id":"reasoning-records-001-2decf25c8be0","step":28,"threshold":0.8575}
[   44.45s] EVENT opus_floor_override {"lane":"indic","score":0.6997,"shard_id":"indic-stream-002-23467b6ff456","step":29,"threshold":0.8503}
[   44.45s] EVENT opus_floor_override {"lane":"reasoning","score":0.6982,"shard_id":"reasoning-records-001-2decf25c8be0","step":29,"threshold":0.8503}
[   44.45s] EVENT opus_floor_override {"lane":"agentic","score":0.4011,"shard_id":"agentic-records-000-5e93975d7b4b","step":29,"threshold":0.8503}
[   45.01s] EVENT opus_floor_override {"lane":"indic","score":0.3809,"shard_id":"indic-stream-002-23467b6ff456","step":29,"threshold":0.7857}
[   45.02s] EVENT opus_floor_override {"lane":"reasoning","score":0.7582,"shard_id":"reasoning-records-002-00576ef33041","step":29,"threshold":0.7857}
[   45.02s] EVENT opus_floor_override {"lane":"agentic","score":0.3976,"shard_id":"agentic-records-001-0afd358d11c3","step":29,"threshold":0.7857}
[   45.56s] EVENT opus_floor_override {"lane":"indic","score":0.4663,"shard_id":"indic-stream-002-23467b6ff456","step":30,"threshold":0.8521}
[   45.56s] EVENT opus_floor_override {"lane":"indic","score":0.457,"shard_id":"indic-stream-001-cf07c97995a5","step":30,"threshold":0.8521}
[   45.56s] EVENT opus_floor_override {"lane":"reasoning","score":0.5407,"shard_id":"reasoning-records-003-f5693dcadeac","step":30,"threshold":0.8521}
[   46.09s] EVENT opus_floor_override {"lane":"indic","score":0.5321,"shard_id":"indic-stream-002-23467b6ff456","step":30,"threshold":0.77}
[   46.09s] EVENT opus_floor_override {"lane":"indic","score":0.5184,"shard_id":"indic-stream-000-7a10be42da1f","step":30,"threshold":0.77}
[   46.09s] EVENT opus_floor_override {"lane":"reasoning","score":0.6638,"shard_id":"reasoning-records-002-00576ef33041","step":30,"threshold":0.77}
[   46.64s] EVENT train_step {"loss":6.7358,"stage":"s1-general","step":30}
[PASS] checkpoint_saved {"checkpoint_id":"ckpt_main_step00030","consumption_offset":62,"step":30}
[   46.74s] EVENT opus_floor_override {"lane":"indic","score":0.5917,"shard_id":"indic-stream-002-23467b6ff456","step":31,"threshold":0.8721}
[   46.74s] EVENT opus_floor_override {"lane":"reasoning","score":0.7142,"shard_id":"reasoning-records-001-2decf25c8be0","step":31,"threshold":0.8721}
[   47.25s] EVENT opus_floor_override {"lane":"indic","score":0.657,"shard_id":"indic-stream-000-7a10be42da1f","step":31,"threshold":0.9584}
[   47.25s] EVENT opus_floor_override {"lane":"reasoning","score":0.5582,"shard_id":"reasoning-records-001-2decf25c8be0","step":31,"threshold":0.9584}
[   47.92s] EVENT opus_floor_override {"lane":"indic","score":0.5916,"shard_id":"indic-stream-002-23467b6ff456","step":32,"threshold":0.9156}
[   47.92s] EVENT opus_floor_override {"lane":"agentic","score":0.3277,"shard_id":"agentic-records-003-9601fd19f6b0","step":32,"threshold":0.9156}
[   48.47s] EVENT opus_floor_override {"lane":"indic","score":0.5371,"shard_id":"indic-stream-002-23467b6ff456","step":32,"threshold":0.8548}
[   48.47s] EVENT opus_floor_override {"lane":"agentic","score":0.3896,"shard_id":"agentic-records-002-1b1daec1287a","step":32,"threshold":0.8548}
[   49.03s] EVENT opus_floor_override {"lane":"indic","score":0.7112,"shard_id":"indic-stream-002-23467b6ff456","step":33,"threshold":0.7515}
[   49.04s] EVENT opus_floor_override {"lane":"indic","score":0.5248,"shard_id":"indic-stream-002-23467b6ff456","step":33,"threshold":0.7515}
[   49.04s] EVENT opus_floor_override {"lane":"reasoning","score":0.5743,"shard_id":"reasoning-records-001-2decf25c8be0","step":33,"threshold":0.7515}
[   49.58s] EVENT opus_floor_override {"lane":"indic","score":0.5394,"shard_id":"indic-stream-002-23467b6ff456","step":33,"threshold":0.8}
[   49.58s] EVENT opus_floor_override {"lane":"indic","score":0.4787,"shard_id":"indic-stream-001-cf07c97995a5","step":33,"threshold":0.8}
[   49.58s] EVENT opus_floor_override {"lane":"reasoning","score":0.6744,"shard_id":"reasoning-records-000-1b7ece6a0e11","step":33,"threshold":0.8}
[   50.21s] EVENT opus_floor_override {"lane":"indic","score":0.489,"shard_id":"indic-stream-000-7a10be42da1f","step":34,"threshold":0.8819}
[   50.21s] EVENT opus_floor_override {"lane":"reasoning","score":0.5757,"shard_id":"reasoning-records-002-00576ef33041","step":34,"threshold":0.8819}
[   50.92s] EVENT opus_floor_override {"lane":"indic","score":0.3882,"shard_id":"indic-stream-002-23467b6ff456","step":34,"threshold":0.8976}
[   50.92s] EVENT opus_floor_override {"lane":"reasoning","score":0.5757,"shard_id":"reasoning-records-002-00576ef33041","step":34,"threshold":0.8976}
[   51.51s] EVENT opus_floor_override {"lane":"indic","score":0.3701,"shard_id":"indic-stream-001-cf07c97995a5","step":35,"threshold":0.8447}
[   51.51s] EVENT opus_floor_override {"lane":"reasoning","score":0.7635,"shard_id":"reasoning-records-002-00576ef33041","step":35,"threshold":0.8447}
[   51.51s] EVENT opus_floor_override {"lane":"agentic","score":0.3921,"shard_id":"agentic-records-002-1b1daec1287a","step":35,"threshold":0.8447}
[   52.05s] EVENT opus_floor_override {"lane":"indic","score":0.6489,"shard_id":"indic-stream-002-23467b6ff456","step":35,"threshold":0.7953}
[   52.05s] EVENT opus_floor_override {"lane":"reasoning","score":0.452,"shard_id":"reasoning-records-002-00576ef33041","step":35,"threshold":0.7953}
[   52.05s] EVENT opus_floor_override {"lane":"agentic","score":0.34,"shard_id":"agentic-records-003-9601fd19f6b0","step":35,"threshold":0.7953}
[   52.77s] EVENT opus_floor_override {"lane":"indic","score":0.4874,"shard_id":"indic-stream-002-23467b6ff456","step":36,"threshold":0.8478}
[   52.77s] EVENT opus_floor_override {"lane":"reasoning","score":0.7615,"shard_id":"reasoning-records-003-f5693dcadeac","step":36,"threshold":0.8478}
[   53.35s] EVENT opus_floor_override {"lane":"indic","score":0.4977,"shard_id":"indic-stream-001-cf07c97995a5","step":36,"threshold":0.9066}
[   53.35s] EVENT opus_floor_override {"lane":"reasoning","score":0.7483,"shard_id":"reasoning-records-000-1b7ece6a0e11","step":36,"threshold":0.9066}
[   53.96s] EVENT opus_floor_override {"lane":"indic","score":0.5788,"shard_id":"indic-stream-000-7a10be42da1f","step":37,"threshold":0.804}
[   53.96s] EVENT opus_floor_override {"lane":"indic","score":0.5313,"shard_id":"indic-stream-002-23467b6ff456","step":37,"threshold":0.804}
[   54.58s] EVENT opus_floor_override {"lane":"indic","score":0.6529,"shard_id":"indic-stream-002-23467b6ff456","step":37,"threshold":0.9465}
[   54.58s] EVENT opus_floor_override {"lane":"indic","score":0.5141,"shard_id":"indic-stream-001-cf07c97995a5","step":37,"threshold":0.9465}
[   55.14s] EVENT opus_floor_override {"lane":"indic","score":0.4806,"shard_id":"indic-stream-002-23467b6ff456","step":38,"threshold":0.8484}
[   55.14s] EVENT opus_floor_override {"lane":"reasoning","score":0.5594,"shard_id":"reasoning-records-001-2decf25c8be0","step":38,"threshold":0.8484}
[   55.69s] EVENT opus_floor_override {"lane":"indic","score":0.4915,"shard_id":"indic-stream-000-7a10be42da1f","step":38,"threshold":0.9385}
[   56.28s] EVENT opus_floor_override {"lane":"indic","score":0.6046,"shard_id":"indic-stream-000-7a10be42da1f","step":39,"threshold":0.8339}
[   56.28s] EVENT opus_floor_override {"lane":"reasoning","score":0.5601,"shard_id":"reasoning-records-001-2decf25c8be0","step":39,"threshold":0.8339}
[   56.28s] EVENT opus_floor_override {"lane":"agentic","score":0.3926,"shard_id":"agentic-records-000-5e93975d7b4b","step":39,"threshold":0.8339}
[   56.83s] EVENT opus_floor_override {"lane":"indic","score":0.5306,"shard_id":"indic-stream-002-23467b6ff456","step":39,"threshold":0.8324}
[   56.83s] EVENT opus_floor_override {"lane":"reasoning","score":0.6948,"shard_id":"reasoning-records-000-1b7ece6a0e11","step":39,"threshold":0.8324}
[   56.83s] EVENT opus_floor_override {"lane":"agentic","score":0.343,"shard_id":"agentic-records-003-9601fd19f6b0","step":39,"threshold":0.8324}
[   57.52s] EVENT opus_floor_override {"lane":"indic","score":0.5668,"shard_id":"indic-stream-002-23467b6ff456","step":40,"threshold":0.8667}
[   57.52s] EVENT opus_floor_override {"lane":"reasoning","score":0.6568,"shard_id":"reasoning-records-002-00576ef33041","step":40,"threshold":0.8667}
[   58.11s] EVENT opus_floor_override {"lane":"indic","score":0.395,"shard_id":"indic-stream-002-23467b6ff456","step":40,"threshold":0.8732}
[   58.11s] EVENT opus_floor_override {"lane":"reasoning","score":0.8207,"shard_id":"reasoning-records-001-2decf25c8be0","step":40,"threshold":0.8732}
[   58.69s] EVENT train_step {"loss":6.3949,"stage":"s1-general","step":40}
[   58.70s] EVENT opus_floor_override {"lane":"indic","score":0.5386,"shard_id":"indic-stream-002-23467b6ff456","step":41,"threshold":0.8357}
[   58.70s] EVENT opus_floor_override {"lane":"indic","score":0.5289,"shard_id":"indic-stream-001-cf07c97995a5","step":41,"threshold":0.8357}
[   59.23s] EVENT opus_floor_override {"lane":"indic","score":0.5579,"shard_id":"indic-stream-001-cf07c97995a5","step":41,"threshold":0.8137}
[   59.23s] EVENT opus_floor_override {"lane":"indic","score":0.5085,"shard_id":"indic-stream-001-cf07c97995a5","step":41,"threshold":0.8137}
[   59.24s] EVENT opus_floor_override {"lane":"reasoning","score":0.6921,"shard_id":"reasoning-records-000-1b7ece6a0e11","step":41,"threshold":0.8137}
[   59.79s] EVENT opus_floor_override {"lane":"indic","score":0.5384,"shard_id":"indic-stream-001-cf07c97995a5","step":42,"threshold":0.9044}
[   59.79s] EVENT opus_floor_override {"lane":"agentic","score":0.4111,"shard_id":"agentic-records-000-5e93975d7b4b","step":42,"threshold":0.9044}
[   60.36s] EVENT opus_floor_override {"lane":"indic","score":0.4964,"shard_id":"indic-stream-002-23467b6ff456","step":42,"threshold":0.8106}
[   60.37s] EVENT opus_floor_override {"lane":"agentic","score":0.4296,"shard_id":"agentic-records-002-1b1daec1287a","step":42,"threshold":0.8106}
[   60.98s] EVENT opus_floor_override {"lane":"indic","score":0.6515,"shard_id":"indic-stream-002-23467b6ff456","step":43,"threshold":0.8864}
[   60.98s] EVENT opus_floor_override {"lane":"reasoning","score":0.7528,"shard_id":"reasoning-records-000-1b7ece6a0e11","step":43,"threshold":0.8864}
[   61.61s] EVENT opus_floor_override {"lane":"indic","score":0.5554,"shard_id":"indic-stream-000-7a10be42da1f","step":43,"threshold":0.8067}
[   61.61s] EVENT opus_floor_override {"lane":"reasoning","score":0.7652,"shard_id":"reasoning-records-000-1b7ece6a0e11","step":43,"threshold":0.8067}
[   62.26s] EVENT opus_floor_override {"lane":"indic","score":0.5944,"shard_id":"indic-stream-002-23467b6ff456","step":44,"threshold":0.8801}
[   62.26s] EVENT opus_floor_override {"lane":"indic","score":0.3908,"shard_id":"indic-stream-002-23467b6ff456","step":44,"threshold":0.8801}
[   62.27s] EVENT opus_floor_override {"lane":"reasoning","score":0.4563,"shard_id":"reasoning-records-001-2decf25c8be0","step":44,"threshold":0.8801}
[   62.87s] EVENT opus_floor_override {"lane":"indic","score":0.5753,"shard_id":"indic-stream-001-cf07c97995a5","step":44,"threshold":0.8627}
[   62.87s] EVENT opus_floor_override {"lane":"indic","score":0.4419,"shard_id":"indic-stream-002-23467b6ff456","step":44,"threshold":0.8627}
[   62.87s] EVENT opus_floor_override {"lane":"reasoning","score":0.682,"shard_id":"reasoning-records-001-2decf25c8be0","step":44,"threshold":0.8627}
[   63.45s] EVENT opus_floor_override {"lane":"indic","score":0.5896,"shard_id":"indic-stream-002-23467b6ff456","step":45,"threshold":0.7715}
[   63.45s] EVENT opus_floor_override {"lane":"reasoning","score":0.6744,"shard_id":"reasoning-records-002-00576ef33041","step":45,"threshold":0.7715}
[   63.45s] EVENT opus_floor_override {"lane":"agentic","score":0.4015,"shard_id":"agentic-records-001-0afd358d11c3","step":45,"threshold":0.7715}
[   63.98s] EVENT opus_floor_override {"lane":"indic","score":0.4317,"shard_id":"indic-stream-000-7a10be42da1f","step":45,"threshold":0.7967}
[   63.98s] EVENT opus_floor_override {"lane":"reasoning","score":0.7262,"shard_id":"reasoning-records-000-1b7ece6a0e11","step":45,"threshold":0.7967}
[   63.98s] EVENT opus_floor_override {"lane":"agentic","score":0.3337,"shard_id":"agentic-records-001-0afd358d11c3","step":45,"threshold":0.7967}
[   64.52s] EVENT opus_floor_override {"lane":"indic","score":0.7017,"shard_id":"indic-stream-002-23467b6ff456","step":46,"threshold":0.901}
[   64.52s] EVENT opus_floor_override {"lane":"reasoning","score":0.7131,"shard_id":"reasoning-records-002-00576ef33041","step":46,"threshold":0.901}
[   65.12s] EVENT opus_floor_override {"lane":"indic","score":0.449,"shard_id":"indic-stream-001-cf07c97995a5","step":46,"threshold":0.9138}
[   65.13s] EVENT opus_floor_override {"lane":"reasoning","score":0.7152,"shard_id":"reasoning-records-001-2decf25c8be0","step":46,"threshold":0.9138}
[   65.68s] EVENT opus_floor_override {"lane":"indic","score":0.5649,"shard_id":"indic-stream-002-23467b6ff456","step":47,"threshold":0.9255}
[   65.68s] EVENT opus_floor_override {"lane":"indic","score":0.4259,"shard_id":"indic-stream-000-7a10be42da1f","step":47,"threshold":0.9255}
[   66.24s] EVENT opus_floor_override {"lane":"indic","score":0.6928,"shard_id":"indic-stream-002-23467b6ff456","step":47,"threshold":0.931}
[   66.24s] EVENT opus_floor_override {"lane":"indic","score":0.6156,"shard_id":"indic-stream-000-7a10be42da1f","step":47,"threshold":0.931}
[   66.94s] EVENT opus_floor_override {"lane":"indic","score":0.4,"shard_id":"indic-stream-002-23467b6ff456","step":48,"threshold":0.8839}
[   66.94s] EVENT opus_floor_override {"lane":"reasoning","score":0.5526,"shard_id":"reasoning-records-003-f5693dcadeac","step":48,"threshold":0.8839}
[   66.94s] EVENT opus_floor_override {"lane":"agentic","score":0.3899,"shard_id":"agentic-records-003-9601fd19f6b0","step":48,"threshold":0.8839}
[   67.49s] EVENT opus_floor_override {"lane":"indic","score":0.6014,"shard_id":"indic-stream-002-23467b6ff456","step":48,"threshold":0.8858}
[   67.49s] EVENT opus_floor_override {"lane":"agentic","score":0.4325,"shard_id":"agentic-records-002-1b1daec1287a","step":48,"threshold":0.8858}
[   68.05s] EVENT opus_floor_override {"lane":"indic","score":0.598,"shard_id":"indic-stream-002-23467b6ff456","step":49,"threshold":0.829}
[   68.05s] EVENT opus_floor_override {"lane":"reasoning","score":0.596,"shard_id":"reasoning-records-001-2decf25c8be0","step":49,"threshold":0.829}
[   68.59s] EVENT opus_floor_override {"lane":"indic","score":0.5551,"shard_id":"indic-stream-002-23467b6ff456","step":49,"threshold":0.9107}
[   68.59s] EVENT opus_floor_override {"lane":"reasoning","score":0.5312,"shard_id":"reasoning-records-002-00576ef33041","step":49,"threshold":0.9107}
[   69.13s] EVENT opus_floor_override {"lane":"indic","score":0.511,"shard_id":"indic-stream-002-23467b6ff456","step":50,"threshold":0.9128}
[   69.13s] EVENT opus_floor_override {"lane":"reasoning","score":0.8676,"shard_id":"reasoning-records-002-00576ef33041","step":50,"threshold":0.9128}
[   69.67s] EVENT opus_floor_override {"lane":"indic","score":0.5491,"shard_id":"indic-stream-002-23467b6ff456","step":50,"threshold":0.8127}
[   69.67s] EVENT opus_floor_override {"lane":"reasoning","score":0.7282,"shard_id":"reasoning-records-000-1b7ece6a0e11","step":50,"threshold":0.8127}
[   70.29s] EVENT train_step {"loss":6.3446,"stage":"s1-general","step":50}
[   70.30s] EVENT opus_floor_override {"lane":"indic","score":0.5666,"shard_id":"indic-stream-002-23467b6ff456","step":51,"threshold":0.843}
[   70.30s] EVENT opus_floor_override {"lane":"reasoning","score":0.7692,"shard_id":"reasoning-records-003-f5693dcadeac","step":51,"threshold":0.843}
[   70.30s] EVENT opus_floor_override {"lane":"agentic","score":0.3942,"shard_id":"agentic-records-001-0afd358d11c3","step":51,"threshold":0.843}
[   70.86s] EVENT opus_floor_override {"lane":"indic","score":0.361,"shard_id":"indic-stream-001-cf07c97995a5","step":51,"threshold":0.8824}
[   70.86s] EVENT opus_floor_override {"lane":"reasoning","score":0.4917,"shard_id":"reasoning-records-003-f5693dcadeac","step":51,"threshold":0.8824}
[   70.86s] EVENT opus_floor_override {"lane":"agentic","score":0.4149,"shard_id":"agentic-records-000-5e93975d7b4b","step":51,"threshold":0.8824}
[   71.57s] EVENT opus_floor_override {"lane":"indic","score":0.4695,"shard_id":"indic-stream-000-7a10be42da1f","step":52,"threshold":0.9518}
[   71.57s] EVENT opus_floor_override {"lane":"indic","score":0.4112,"shard_id":"indic-stream-001-cf07c97995a5","step":52,"threshold":0.9518}
[   72.16s] EVENT opus_floor_override {"lane":"indic","score":0.4746,"shard_id":"indic-stream-001-cf07c97995a5","step":52,"threshold":0.917}
[   72.16s] EVENT opus_floor_override {"lane":"indic","score":0.4294,"shard_id":"indic-stream-002-23467b6ff456","step":52,"threshold":0.917}
[   72.73s] EVENT opus_floor_override {"lane":"indic","score":0.3659,"shard_id":"indic-stream-001-cf07c97995a5","step":53,"threshold":0.8986}
[   72.74s] EVENT opus_floor_override {"lane":"reasoning","score":0.6554,"shard_id":"reasoning-records-000-1b7ece6a0e11","step":53,"threshold":0.8986}
[   73.27s] EVENT opus_floor_override {"lane":"indic","score":0.4764,"shard_id":"indic-stream-001-cf07c97995a5","step":53,"threshold":0.9303}
[   73.86s] EVENT opus_floor_override {"lane":"indic","score":0.5624,"shard_id":"indic-stream-002-23467b6ff456","step":54,"threshold":0.8539}
[   73.86s] EVENT opus_floor_override {"lane":"reasoning","score":0.4474,"shard_id":"reasoning-records-002-00576ef33041","step":54,"threshold":0.8539}
[   73.86s] EVENT opus_floor_override {"lane":"agentic","score":0.3408,"shard_id":"agentic-records-001-0afd358d11c3","step":54,"threshold":0.8539}
[   74.41s] EVENT opus_floor_override {"lane":"indic","score":0.4045,"shard_id":"indic-stream-000-7a10be42da1f","step":54,"threshold":0.863}
[   74.41s] EVENT opus_floor_override {"lane":"reasoning","score":0.3692,"shard_id":"reasoning-records-003-f5693dcadeac","step":54,"threshold":0.863}
[   74.41s] EVENT opus_floor_override {"lane":"agentic","score":0.412,"shard_id":"agentic-records-001-0afd358d11c3","step":54,"threshold":0.863}
[   74.96s] EVENT opus_floor_override {"lane":"indic","score":0.5947,"shard_id":"indic-stream-002-23467b6ff456","step":55,"threshold":0.8767}
[   74.96s] EVENT opus_floor_override {"lane":"indic","score":0.5847,"shard_id":"indic-stream-002-23467b6ff456","step":55,"threshold":0.8767}
[   74.96s] EVENT opus_floor_override {"lane":"reasoning","score":0.7156,"shard_id":"reasoning-records-002-00576ef33041","step":55,"threshold":0.8767}
[   75.52s] EVENT opus_floor_override {"lane":"indic","score":0.5166,"shard_id":"indic-stream-001-cf07c97995a5","step":55,"threshold":0.7761}
[   75.52s] EVENT opus_floor_override {"lane":"indic","score":0.4134,"shard_id":"indic-stream-001-cf07c97995a5","step":55,"threshold":0.7761}
[   75.52s] EVENT opus_floor_override {"lane":"reasoning","score":0.5856,"shard_id":"reasoning-records-002-00576ef33041","step":55,"threshold":0.7761}
[   76.19s] EVENT opus_floor_override {"lane":"indic","score":0.3653,"shard_id":"indic-stream-000-7a10be42da1f","step":56,"threshold":0.8705}
[   76.19s] EVENT opus_floor_override {"lane":"reasoning","score":0.6646,"shard_id":"reasoning-records-003-f5693dcadeac","step":56,"threshold":0.8705}
[   76.74s] EVENT opus_floor_override {"lane":"indic","score":0.5802,"shard_id":"indic-stream-000-7a10be42da1f","step":56,"threshold":0.8441}
[   76.74s] EVENT opus_floor_override {"lane":"reasoning","score":0.5031,"shard_id":"reasoning-records-000-1b7ece6a0e11","step":56,"threshold":0.8441}
[   77.33s] EVENT opus_floor_override {"lane":"indic","score":0.6475,"shard_id":"indic-stream-002-23467b6ff456","step":57,"threshold":0.7977}
[   77.33s] EVENT opus_floor_override {"lane":"agentic","score":0.4343,"shard_id":"agentic-records-002-1b1daec1287a","step":57,"threshold":0.7977}
[   77.88s] EVENT opus_floor_override {"lane":"indic","score":0.3675,"shard_id":"indic-stream-000-7a10be42da1f","step":57,"threshold":0.9331}
[   77.88s] EVENT opus_floor_override {"lane":"agentic","score":0.4016,"shard_id":"agentic-records-002-1b1daec1287a","step":57,"threshold":0.9331}
[   78.42s] EVENT opus_floor_override {"lane":"indic","score":0.5214,"shard_id":"indic-stream-002-23467b6ff456","step":58,"threshold":0.8671}
[   78.42s] EVENT opus_floor_override {"lane":"indic","score":0.5193,"shard_id":"indic-stream-000-7a10be42da1f","step":58,"threshold":0.8671}
[   78.95s] EVENT opus_floor_override {"lane":"indic","score":0.5004,"shard_id":"indic-stream-000-7a10be42da1f","step":58,"threshold":0.8639}
[   78.95s] EVENT opus_floor_override {"lane":"indic","score":0.4497,"shard_id":"indic-stream-000-7a10be42da1f","step":58,"threshold":0.8639}
[   78.95s] EVENT opus_floor_override {"lane":"reasoning","score":0.5749,"shard_id":"reasoning-records-000-1b7ece6a0e11","step":58,"threshold":0.8639}
[   79.52s] EVENT opus_floor_override {"lane":"indic","score":0.5301,"shard_id":"indic-stream-002-23467b6ff456","step":59,"threshold":0.8818}
[   79.52s] EVENT opus_floor_override {"lane":"reasoning","score":0.8266,"shard_id":"reasoning-records-001-2decf25c8be0","step":59,"threshold":0.8818}
[   80.10s] EVENT opus_floor_override {"lane":"indic","score":0.4921,"shard_id":"indic-stream-001-cf07c97995a5","step":59,"threshold":0.874}
[   80.11s] EVENT opus_floor_override {"lane":"reasoning","score":0.6797,"shard_id":"reasoning-records-003-f5693dcadeac","step":59,"threshold":0.874}
[   80.89s] EVENT opus_floor_override {"lane":"indic","score":0.3568,"shard_id":"indic-stream-000-7a10be42da1f","step":60,"threshold":0.8655}
[   80.89s] EVENT opus_floor_override {"lane":"reasoning","score":0.5749,"shard_id":"reasoning-records-000-1b7ece6a0e11","step":60,"threshold":0.8655}
[   80.89s] EVENT opus_floor_override {"lane":"agentic","score":0.4065,"shard_id":"agentic-records-000-5e93975d7b4b","step":60,"threshold":0.8655}
[   81.43s] EVENT opus_floor_override {"lane":"indic","score":0.5944,"shard_id":"indic-stream-002-23467b6ff456","step":60,"threshold":0.7746}
[   81.43s] EVENT opus_floor_override {"lane":"reasoning","score":0.6646,"shard_id":"reasoning-records-003-f5693dcadeac","step":60,"threshold":0.7746}
[   81.43s] EVENT opus_floor_override {"lane":"agentic","score":0.3411,"shard_id":"agentic-records-001-0afd358d11c3","step":60,"threshold":0.7746}
[   81.99s] EVENT train_step {"loss":6.2296,"stage":"s1-general","step":60}
[PASS] checkpoint_saved {"checkpoint_id":"ckpt_main_step00060","consumption_offset":122,"step":60}
[   82.06s] EVENT opus_floor_override {"lane":"indic","score":0.5527,"shard_id":"indic-stream-002-23467b6ff456","step":61,"threshold":0.8989}
[   82.06s] EVENT opus_floor_override {"lane":"reasoning","score":0.8687,"shard_id":"reasoning-records-002-00576ef33041","step":61,"threshold":0.8989}
[   82.58s] EVENT opus_floor_override {"lane":"indic","score":0.4953,"shard_id":"indic-stream-001-cf07c97995a5","step":61,"threshold":0.8735}
[   82.58s] EVENT opus_floor_override {"lane":"reasoning","score":0.6645,"shard_id":"reasoning-records-003-f5693dcadeac","step":61,"threshold":0.8735}
[   83.14s] EVENT opus_floor_override {"lane":"indic","score":0.6394,"shard_id":"indic-stream-001-cf07c97995a5","step":62,"threshold":0.8427}
[   83.14s] EVENT opus_floor_override {"lane":"indic","score":0.5418,"shard_id":"indic-stream-000-7a10be42da1f","step":62,"threshold":0.8427}
[   83.70s] EVENT opus_floor_override {"lane":"indic","score":0.5919,"shard_id":"indic-stream-002-23467b6ff456","step":62,"threshold":0.8977}
[   83.70s] EVENT opus_floor_override {"lane":"indic","score":0.4482,"shard_id":"indic-stream-000-7a10be42da1f","step":62,"threshold":0.8977}
[   84.25s] EVENT opus_floor_override {"lane":"indic","score":0.4671,"shard_id":"indic-stream-001-cf07c97995a5","step":63,"threshold":0.8631}
[   84.25s] EVENT opus_floor_override {"lane":"reasoning","score":0.5208,"shard_id":"reasoning-records-003-f5693dcadeac","step":63,"threshold":0.8631}
[   84.83s] EVENT opus_floor_override {"lane":"indic","score":0.5277,"shard_id":"indic-stream-002-23467b6ff456","step":63,"threshold":0.9685}
[   84.83s] EVENT opus_floor_override {"lane":"reasoning","score":0.947,"shard_id":"reasoning-records-000-1b7ece6a0e11","step":63,"threshold":0.9685}
[   85.53s] EVENT opus_floor_override {"lane":"indic","score":0.4741,"shard_id":"indic-stream-001-cf07c97995a5","step":64,"threshold":0.8444}
[   85.53s] EVENT opus_floor_override {"lane":"reasoning","score":0.7285,"shard_id":"reasoning-records-001-2decf25c8be0","step":64,"threshold":0.8444}
[   85.53s] EVENT opus_floor_override {"lane":"agentic","score":0.3801,"shard_id":"agentic-records-002-1b1daec1287a","step":64,"threshold":0.8444}
[   86.27s] EVENT opus_floor_override {"lane":"indic","score":0.4271,"shard_id":"indic-stream-002-23467b6ff456","step":64,"threshold":0.785}
[   86.28s] EVENT opus_floor_override {"lane":"reasoning","score":0.7563,"shard_id":"reasoning-records-000-1b7ece6a0e11","step":64,"threshold":0.785}
[   86.28s] EVENT opus_floor_override {"lane":"agentic","score":0.306,"shard_id":"agentic-records-003-9601fd19f6b0","step":64,"threshold":0.785}
[   86.94s] EVENT opus_floor_override {"lane":"indic","score":0.4803,"shard_id":"indic-stream-001-cf07c97995a5","step":65,"threshold":0.8367}
[   86.94s] EVENT opus_floor_override {"lane":"reasoning","score":0.6612,"shard_id":"reasoning-records-001-2decf25c8be0","step":65,"threshold":0.8367}
[   87.49s] EVENT opus_floor_override {"lane":"indic","score":0.6595,"shard_id":"indic-stream-002-23467b6ff456","step":65,"threshold":0.9257}
[   87.49s] EVENT opus_floor_override {"lane":"reasoning","score":0.7943,"shard_id":"reasoning-records-000-1b7ece6a0e11","step":65,"threshold":0.9257}
[   88.06s] EVENT opus_floor_override {"lane":"indic","score":0.6298,"shard_id":"indic-stream-002-23467b6ff456","step":66,"threshold":0.8291}
[   88.06s] EVENT opus_floor_override {"lane":"indic","score":0.5093,"shard_id":"indic-stream-002-23467b6ff456","step":66,"threshold":0.8291}
[   88.06s] EVENT opus_floor_override {"lane":"reasoning","score":0.7147,"shard_id":"reasoning-records-002-00576ef33041","step":66,"threshold":0.8291}
[   88.61s] EVENT opus_floor_override {"lane":"indic","score":0.5185,"shard_id":"indic-stream-002-23467b6ff456","step":66,"threshold":0.817}
[   88.61s] EVENT opus_floor_override {"lane":"indic","score":0.491,"shard_id":"indic-stream-000-7a10be42da1f","step":66,"threshold":0.817}
[   88.61s] EVENT opus_floor_override {"lane":"reasoning","score":0.6615,"shard_id":"reasoning-records-002-00576ef33041","step":66,"threshold":0.817}
[   89.18s] EVENT opus_floor_override {"lane":"indic","score":0.5369,"shard_id":"indic-stream-002-23467b6ff456","step":67,"threshold":0.9145}
[   89.18s] EVENT opus_floor_override {"lane":"agentic","score":0.3689,"shard_id":"agentic-records-000-5e93975d7b4b","step":67,"threshold":0.9145}
[   89.77s] EVENT opus_floor_override {"lane":"indic","score":0.4108,"shard_id":"indic-stream-002-23467b6ff456","step":67,"threshold":0.8805}
[   89.77s] EVENT opus_floor_override {"lane":"agentic","score":0.3931,"shard_id":"agentic-records-001-0afd358d11c3","step":67,"threshold":0.8805}
[   90.38s] EVENT opus_floor_override {"lane":"indic","score":0.5128,"shard_id":"indic-stream-000-7a10be42da1f","step":68,"threshold":0.9841}
[   90.94s] EVENT opus_floor_override {"lane":"indic","score":0.7671,"shard_id":"indic-stream-002-23467b6ff456","step":68,"threshold":0.8605}
[   90.94s] EVENT opus_floor_override {"lane":"reasoning","score":0.7231,"shard_id":"reasoning-records-002-00576ef33041","step":68,"threshold":0.8605}
[   91.50s] EVENT opus_floor_override {"lane":"indic","score":0.6561,"shard_id":"indic-stream-000-7a10be42da1f","step":69,"threshold":0.7681}
[   91.50s] EVENT opus_floor_override {"lane":"indic","score":0.5516,"shard_id":"indic-stream-002-23467b6ff456","step":69,"threshold":0.7681}
[   91.50s] EVENT opus_floor_override {"lane":"reasoning","score":0.768,"shard_id":"reasoning-records-003-f5693dcadeac","step":69,"threshold":0.7681}
[   92.09s] EVENT opus_floor_override {"lane":"indic","score":0.5509,"shard_id":"indic-stream-002-23467b6ff456","step":69,"threshold":0.8685}
[   92.09s] EVENT opus_floor_override {"lane":"indic","score":0.4042,"shard_id":"indic-stream-000-7a10be42da1f","step":69,"threshold":0.8685}
[   92.71s] EVENT opus_floor_override {"lane":"indic","score":0.5471,"shard_id":"indic-stream-000-7a10be42da1f","step":70,"threshold":0.8552}
[   92.71s] EVENT opus_floor_override {"lane":"reasoning","score":0.675,"shard_id":"reasoning-records-002-00576ef33041","step":70,"threshold":0.8552}
[   92.72s] EVENT opus_floor_override {"lane":"agentic","score":0.3943,"shard_id":"agentic-records-003-9601fd19f6b0","step":70,"threshold":0.8552}
[   93.49s] EVENT opus_floor_override {"lane":"indic","score":0.5177,"shard_id":"indic-stream-001-cf07c97995a5","step":70,"threshold":0.8593}
[   93.49s] EVENT opus_floor_override {"lane":"agentic","score":0.3909,"shard_id":"agentic-records-001-0afd358d11c3","step":70,"threshold":0.8593}
[   94.22s] EVENT train_step {"loss":6.063,"stage":"s1-general","step":70}
[   94.23s] EVENT opus_floor_override {"lane":"indic","score":0.4911,"shard_id":"indic-stream-002-23467b6ff456","step":71,"threshold":0.8819}
[   94.23s] EVENT opus_floor_override {"lane":"reasoning","score":0.7671,"shard_id":"reasoning-records-003-f5693dcadeac","step":71,"threshold":0.8819}
[   95.03s] EVENT opus_floor_override {"lane":"indic","score":0.6981,"shard_id":"indic-stream-002-23467b6ff456","step":71,"threshold":0.9096}
[   95.03s] EVENT opus_floor_override {"lane":"reasoning","score":0.7241,"shard_id":"reasoning-records-001-2decf25c8be0","step":71,"threshold":0.9096}
[   95.66s] EVENT opus_floor_override {"lane":"indic","score":0.5632,"shard_id":"indic-stream-002-23467b6ff456","step":72,"threshold":0.8651}
[   95.67s] EVENT opus_floor_override {"lane":"indic","score":0.4705,"shard_id":"indic-stream-000-7a10be42da1f","step":72,"threshold":0.8651}
[   96.26s] EVENT opus_floor_override {"lane":"indic","score":0.6131,"shard_id":"indic-stream-002-23467b6ff456","step":72,"threshold":0.8513}
[   96.26s] EVENT opus_floor_override {"lane":"indic","score":0.6027,"shard_id":"indic-stream-002-23467b6ff456","step":72,"threshold":0.8513}
[   96.90s] EVENT opus_floor_override {"lane":"indic","score":0.4713,"shard_id":"indic-stream-001-cf07c97995a5","step":73,"threshold":0.9054}
[   96.91s] EVENT opus_floor_override {"lane":"reasoning","score":0.5002,"shard_id":"reasoning-records-002-00576ef33041","step":73,"threshold":0.9054}
[   96.91s] EVENT opus_floor_override {"lane":"agentic","score":0.3934,"shard_id":"agentic-records-002-1b1daec1287a","step":73,"threshold":0.9054}
[   97.49s] EVENT opus_floor_override {"lane":"indic","score":0.5256,"shard_id":"indic-stream-002-23467b6ff456","step":73,"threshold":0.7603}
[   97.49s] EVENT opus_floor_override {"lane":"reasoning","score":0.5818,"shard_id":"reasoning-records-002-00576ef33041","step":73,"threshold":0.7603}
[   97.49s] EVENT opus_floor_override {"lane":"agentic","score":0.4303,"shard_id":"agentic-records-002-1b1daec1287a","step":73,"threshold":0.7603}
[   98.07s] EVENT opus_floor_override {"lane":"indic","score":0.6638,"shard_id":"indic-stream-002-23467b6ff456","step":74,"threshold":0.9096}
[   98.07s] EVENT opus_floor_override {"lane":"reasoning","score":0.6752,"shard_id":"reasoning-records-003-f5693dcadeac","step":74,"threshold":0.9096}
[   98.64s] EVENT opus_floor_override {"lane":"indic","score":0.5089,"shard_id":"indic-stream-002-23467b6ff456","step":74,"threshold":0.877}
[   98.64s] EVENT opus_floor_override {"lane":"reasoning","score":0.7283,"shard_id":"reasoning-records-000-1b7ece6a0e11","step":74,"threshold":0.877}
[   99.26s] EVENT opus_floor_override {"lane":"indic","score":0.56,"shard_id":"indic-stream-000-7a10be42da1f","step":75,"threshold":1.0}
[   99.26s] EVENT opus_floor_override {"lane":"reasoning","score":0.4583,"shard_id":"reasoning-records-000-1b7ece6a0e11","step":75,"threshold":1.0}
[   99.89s] EVENT opus_floor_override {"lane":"indic","score":0.5779,"shard_id":"indic-stream-000-7a10be42da1f","step":75,"threshold":0.9093}
[   99.89s] EVENT opus_floor_override {"lane":"reasoning","score":0.7069,"shard_id":"reasoning-records-003-f5693dcadeac","step":75,"threshold":0.9093}
[  100.51s] EVENT opus_floor_override {"lane":"indic","score":0.4835,"shard_id":"indic-stream-000-7a10be42da1f","step":76,"threshold":0.892}
[  100.51s] EVENT opus_floor_override {"lane":"reasoning","score":0.6589,"shard_id":"reasoning-records-003-f5693dcadeac","step":76,"threshold":0.892}
[  100.51s] EVENT opus_floor_override {"lane":"agentic","score":0.4066,"shard_id":"agentic-records-001-0afd358d11c3","step":76,"threshold":0.892}
[  101.09s] EVENT opus_floor_override {"lane":"indic","score":0.5882,"shard_id":"indic-stream-002-23467b6ff456","step":76,"threshold":0.7955}
[  101.09s] EVENT opus_floor_override {"lane":"agentic","score":0.4258,"shard_id":"agentic-records-002-1b1daec1287a","step":76,"threshold":0.7955}
[  101.71s] EVENT opus_floor_override {"lane":"indic","score":0.6534,"shard_id":"indic-stream-002-23467b6ff456","step":77,"threshold":0.8492}
[  101.71s] EVENT opus_floor_override {"lane":"indic","score":0.5915,"shard_id":"indic-stream-002-23467b6ff456","step":77,"threshold":0.8492}
[  102.30s] EVENT opus_floor_override {"lane":"indic","score":0.7253,"shard_id":"indic-stream-002-23467b6ff456","step":77,"threshold":0.8638}
[  102.30s] EVENT opus_floor_override {"lane":"indic","score":0.6492,"shard_id":"indic-stream-002-23467b6ff456","step":77,"threshold":0.8638}
[  102.88s] EVENT opus_floor_override {"lane":"indic","score":0.5956,"shard_id":"indic-stream-002-23467b6ff456","step":78,"threshold":0.8701}
[  102.88s] EVENT opus_floor_override {"lane":"reasoning","score":0.5679,"shard_id":"reasoning-records-000-1b7ece6a0e11","step":78,"threshold":0.8701}
[  103.49s] EVENT opus_floor_override {"lane":"indic","score":0.4038,"shard_id":"indic-stream-000-7a10be42da1f","step":78,"threshold":0.9049}
[  103.49s] EVENT opus_floor_override {"lane":"reasoning","score":0.7223,"shard_id":"reasoning-records-000-1b7ece6a0e11","step":78,"threshold":0.9049}
[  104.21s] EVENT opus_floor_override {"lane":"indic","score":0.5718,"shard_id":"indic-stream-002-23467b6ff456","step":79,"threshold":0.8116}
[  104.21s] EVENT opus_floor_override {"lane":"reasoning","score":0.4808,"shard_id":"reasoning-records-001-2decf25c8be0","step":79,"threshold":0.8116}
[  104.21s] EVENT opus_floor_override {"lane":"agentic","score":0.3857,"shard_id":"agentic-records-001-0afd358d11c3","step":79,"threshold":0.8116}
[  104.80s] EVENT opus_floor_override {"lane":"indic","score":0.4934,"shard_id":"indic-stream-001-cf07c97995a5","step":79,"threshold":0.8203}
[  104.80s] EVENT opus_floor_override {"lane":"reasoning","score":0.7845,"shard_id":"reasoning-records-001-2decf25c8be0","step":79,"threshold":0.8203}
[  104.81s] EVENT opus_floor_override {"lane":"agentic","score":0.4237,"shard_id":"agentic-records-002-1b1daec1287a","step":79,"threshold":0.8203}
[  105.44s] EVENT opus_floor_override {"lane":"indic","score":0.5142,"shard_id":"indic-stream-002-23467b6ff456","step":80,"threshold":0.9187}
[  105.44s] EVENT opus_floor_override {"lane":"indic","score":0.3874,"shard_id":"indic-stream-001-cf07c97995a5","step":80,"threshold":0.9187}
[  105.44s] EVENT opus_floor_override {"lane":"reasoning","score":0.6562,"shard_id":"reasoning-records-003-f5693dcadeac","step":80,"threshold":0.9187}
[  106.16s] EVENT opus_floor_override {"lane":"indic","score":0.585,"shard_id":"indic-stream-002-23467b6ff456","step":80,"threshold":0.8093}
[  106.16s] EVENT opus_floor_override {"lane":"indic","score":0.4832,"shard_id":"indic-stream-002-23467b6ff456","step":80,"threshold":0.8093}
[  106.16s] EVENT opus_floor_override {"lane":"reasoning","score":0.669,"shard_id":"reasoning-records-002-00576ef33041","step":80,"threshold":0.8093}
[  106.80s] EVENT train_step {"loss":6.4208,"stage":"s2-capability","step":80}
[  106.81s] EVENT opus_floor_override {"lane":"indic","score":0.4686,"shard_id":"indic-stream-001-cf07c97995a5","step":81,"threshold":0.8829}
[  106.81s] EVENT opus_floor_override {"lane":"reasoning","score":0.7859,"shard_id":"reasoning-records-000-1b7ece6a0e11","step":81,"threshold":0.8829}
[  107.47s] EVENT opus_floor_override {"lane":"indic","score":0.5519,"shard_id":"indic-stream-002-23467b6ff456","step":81,"threshold":0.8584}
[  107.47s] EVENT opus_floor_override {"lane":"reasoning","score":0.6107,"shard_id":"reasoning-records-000-1b7ece6a0e11","step":81,"threshold":0.8584}
[  108.09s] EVENT opus_floor_override {"lane":"indic","score":0.6886,"shard_id":"indic-stream-002-23467b6ff456","step":82,"threshold":0.781}
[  108.09s] EVENT opus_floor_override {"lane":"reasoning","score":0.7629,"shard_id":"reasoning-records-002-00576ef33041","step":82,"threshold":0.781}
[  108.09s] EVENT opus_floor_override {"lane":"agentic","score":0.3132,"shard_id":"agentic-records-003-9601fd19f6b0","step":82,"threshold":0.781}
[  108.80s] EVENT opus_floor_override {"lane":"indic","score":0.3238,"shard_id":"indic-stream-002-23467b6ff456","step":82,"threshold":0.8713}
[  108.80s] EVENT opus_floor_override {"lane":"reasoning","score":0.7228,"shard_id":"reasoning-records-000-1b7ece6a0e11","step":82,"threshold":0.8713}
[  108.80s] EVENT opus_floor_override {"lane":"agentic","score":0.3851,"shard_id":"agentic-records-001-0afd358d11c3","step":82,"threshold":0.8713}
[  109.45s] EVENT opus_floor_override {"lane":"indic","score":0.5848,"shard_id":"indic-stream-002-23467b6ff456","step":83,"threshold":0.707}
[  109.45s] EVENT opus_floor_override {"lane":"indic","score":0.4106,"shard_id":"indic-stream-000-7a10be42da1f","step":83,"threshold":0.707}
[  109.45s] EVENT opus_floor_override {"lane":"reasoning","score":0.6667,"shard_id":"reasoning-records-002-00576ef33041","step":83,"threshold":0.707}
[  110.16s] EVENT opus_floor_override {"lane":"indic","score":0.622,"shard_id":"indic-stream-002-23467b6ff456","step":83,"threshold":0.7299}
[  110.16s] EVENT opus_floor_override {"lane":"indic","score":0.6071,"shard_id":"indic-stream-002-23467b6ff456","step":83,"threshold":0.7299}
[  110.16s] EVENT opus_floor_override {"lane":"reasoning","score":0.7049,"shard_id":"reasoning-records-002-00576ef33041","step":83,"threshold":0.7299}
[  111.01s] EVENT opus_floor_override {"lane":"indic","score":0.66,"shard_id":"indic-stream-002-23467b6ff456","step":84,"threshold":0.8764}
[  111.01s] EVENT opus_floor_override {"lane":"reasoning","score":0.5427,"shard_id":"reasoning-records-003-f5693dcadeac","step":84,"threshold":0.8764}
[  111.01s] EVENT opus_floor_override {"lane":"agentic","score":0.3384,"shard_id":"agentic-records-002-1b1daec1287a","step":84,"threshold":0.8764}
[  111.63s] EVENT opus_floor_override {"lane":"indic","score":0.416,"shard_id":"indic-stream-002-23467b6ff456","step":84,"threshold":0.801}
[  111.63s] EVENT opus_floor_override {"lane":"reasoning","score":0.5736,"shard_id":"reasoning-records-001-2decf25c8be0","step":84,"threshold":0.801}
[  111.63s] EVENT opus_floor_override {"lane":"agentic","score":0.3604,"shard_id":"agentic-records-001-0afd358d11c3","step":84,"threshold":0.801}
[  112.27s] EVENT opus_floor_override {"lane":"indic","score":0.4131,"shard_id":"indic-stream-001-cf07c97995a5","step":85,"threshold":0.8598}
[  112.27s] EVENT opus_floor_override {"lane":"reasoning","score":0.6433,"shard_id":"reasoning-records-000-1b7ece6a0e11","step":85,"threshold":0.8598}
[  112.88s] EVENT opus_floor_override {"lane":"indic","score":0.4412,"shard_id":"indic-stream-001-cf07c97995a5","step":85,"threshold":0.8877}
[  112.88s] EVENT opus_floor_override {"lane":"reasoning","score":0.7144,"shard_id":"reasoning-records-001-2decf25c8be0","step":85,"threshold":0.8877}
[  113.64s] EVENT opus_floor_override {"lane":"indic","score":0.556,"shard_id":"indic-stream-001-cf07c97995a5","step":86,"threshold":0.9104}
[  113.64s] EVENT opus_floor_override {"lane":"indic","score":0.4978,"shard_id":"indic-stream-001-cf07c97995a5","step":86,"threshold":0.9104}
[  114.30s] EVENT opus_floor_override {"lane":"indic","score":0.6515,"shard_id":"indic-stream-002-23467b6ff456","step":86,"threshold":0.8545}
[  114.30s] EVENT opus_floor_override {"lane":"indic","score":0.549,"shard_id":"indic-stream-000-7a10be42da1f","step":86,"threshold":0.8545}
[  114.30s] EVENT opus_floor_override {"lane":"reasoning","score":0.62,"shard_id":"reasoning-records-000-1b7ece6a0e11","step":86,"threshold":0.8545}
[  114.94s] EVENT opus_floor_override {"lane":"indic","score":0.5041,"shard_id":"indic-stream-002-23467b6ff456","step":87,"threshold":0.7716}
[  114.94s] EVENT opus_floor_override {"lane":"agentic","score":0.3871,"shard_id":"agentic-records-002-1b1daec1287a","step":87,"threshold":0.7716}
[  115.55s] EVENT opus_floor_override {"lane":"indic","score":0.4062,"shard_id":"indic-stream-002-23467b6ff456","step":87,"threshold":0.8928}
[  115.55s] EVENT opus_floor_override {"lane":"reasoning","score":0.619,"shard_id":"reasoning-records-000-1b7ece6a0e11","step":87,"threshold":0.8928}
[  115.56s] EVENT opus_floor_override {"lane":"agentic","score":0.3871,"shard_id":"agentic-records-002-1b1daec1287a","step":87,"threshold":0.8928}
[  116.21s] EVENT opus_floor_override {"lane":"indic","score":0.5183,"shard_id":"indic-stream-002-23467b6ff456","step":88,"threshold":0.762}
[  116.21s] EVENT opus_floor_override {"lane":"reasoning","score":0.6405,"shard_id":"reasoning-records-000-1b7ece6a0e11","step":88,"threshold":0.762}
[  116.21s] EVENT opus_floor_override {"lane":"agentic","score":0.3791,"shard_id":"agentic-records-001-0afd358d11c3","step":88,"threshold":0.762}
[  116.78s] EVENT opus_floor_override {"lane":"indic","score":0.5798,"shard_id":"indic-stream-002-23467b6ff456","step":88,"threshold":0.821}
[  116.78s] EVENT opus_floor_override {"lane":"reasoning","score":0.8027,"shard_id":"reasoning-records-002-00576ef33041","step":88,"threshold":0.821}
[  116.78s] EVENT opus_floor_override {"lane":"agentic","score":0.3414,"shard_id":"agentic-records-003-9601fd19f6b0","step":88,"threshold":0.821}
[  117.37s] EVENT opus_floor_override {"lane":"indic","score":0.5189,"shard_id":"indic-stream-002-23467b6ff456","step":89,"threshold":0.7642}
[  117.37s] EVENT opus_floor_override {"lane":"indic","score":0.4863,"shard_id":"indic-stream-002-23467b6ff456","step":89,"threshold":0.7642}
[  117.37s] EVENT opus_floor_override {"lane":"reasoning","score":0.669,"shard_id":"reasoning-records-000-1b7ece6a0e11","step":89,"threshold":0.7642}
[  118.03s] EVENT opus_floor_override {"lane":"indic","score":0.642,"shard_id":"indic-stream-002-23467b6ff456","step":89,"threshold":0.8119}
[  118.03s] EVENT opus_floor_override {"lane":"indic","score":0.4465,"shard_id":"indic-stream-002-23467b6ff456","step":89,"threshold":0.8119}
[  118.03s] EVENT opus_floor_override {"lane":"reasoning","score":0.7787,"shard_id":"reasoning-records-000-1b7ece6a0e11","step":89,"threshold":0.8119}
[  118.72s] EVENT opus_floor_override {"lane":"indic","score":0.493,"shard_id":"indic-stream-001-cf07c97995a5","step":90,"threshold":0.7541}
[  118.72s] EVENT opus_floor_override {"lane":"reasoning","score":0.6839,"shard_id":"reasoning-records-000-1b7ece6a0e11","step":90,"threshold":0.7541}
[  118.72s] EVENT opus_floor_override {"lane":"agentic","score":0.3633,"shard_id":"agentic-records-002-1b1daec1287a","step":90,"threshold":0.7541}
[  118.73s] EVENT crash_simulated {"expected_next_batch_hash":"2bf8bad2184e8f2e","mode":"hard_process_exit","step":90}
[  118.73s] EVENT process_exit {"code":137}
[  128.99s] EVENT child_exited {"returncode":137}
[PASS] crash_simulated {"mode":"hard process exit, not an exception","returncode":137}

==============================================================================
== RESUME
==============================================================================
[  129.01s] EVENT expected_next_batch_declared {"batch_hash":"2bf8bad2184e8f2e","step":90}
[    4.68s] EVENT checkpoint_restored {"branch":"main","checkpoint_id":"ckpt_main_step00060","consumption_offset":122,"step":60}
[    4.68s] EVENT resume_from_checkpoint {"checkpoint_id":"ckpt_main_step00060","checkpoint_step":60,"resuming_at_step":61}
[    4.70s] EVENT opus_floor_override {"lane":"indic","score":0.5527,"shard_id":"indic-stream-002-23467b6ff456","step":61,"threshold":0.8989}
[    4.70s] EVENT opus_floor_override {"lane":"reasoning","score":0.8687,"shard_id":"reasoning-records-002-00576ef33041","step":61,"threshold":0.8989}
[    6.03s] EVENT opus_floor_override {"lane":"indic","score":0.4953,"shard_id":"indic-stream-001-cf07c97995a5","step":61,"threshold":0.8735}
[    6.03s] EVENT opus_floor_override {"lane":"reasoning","score":0.6645,"shard_id":"reasoning-records-003-f5693dcadeac","step":61,"threshold":0.8735}
[    9.45s] EVENT opus_floor_override {"lane":"indic","score":0.6394,"shard_id":"indic-stream-001-cf07c97995a5","step":62,"threshold":0.8427}
[    9.45s] EVENT opus_floor_override {"lane":"indic","score":0.5418,"shard_id":"indic-stream-000-7a10be42da1f","step":62,"threshold":0.8427}
[   12.76s] EVENT opus_floor_override {"lane":"indic","score":0.5919,"shard_id":"indic-stream-002-23467b6ff456","step":62,"threshold":0.8977}
[   12.76s] EVENT opus_floor_override {"lane":"indic","score":0.4482,"shard_id":"indic-stream-000-7a10be42da1f","step":62,"threshold":0.8977}
[   15.39s] EVENT opus_floor_override {"lane":"indic","score":0.4671,"shard_id":"indic-stream-001-cf07c97995a5","step":63,"threshold":0.8631}
[   15.39s] EVENT opus_floor_override {"lane":"reasoning","score":0.5208,"shard_id":"reasoning-records-003-f5693dcadeac","step":63,"threshold":0.8631}
[   16.22s] EVENT opus_floor_override {"lane":"indic","score":0.5277,"shard_id":"indic-stream-002-23467b6ff456","step":63,"threshold":0.9685}
[   16.22s] EVENT opus_floor_override {"lane":"reasoning","score":0.947,"shard_id":"reasoning-records-000-1b7ece6a0e11","step":63,"threshold":0.9685}
[   17.06s] EVENT opus_floor_override {"lane":"indic","score":0.4741,"shard_id":"indic-stream-001-cf07c97995a5","step":64,"threshold":0.8444}
[   17.06s] EVENT opus_floor_override {"lane":"reasoning","score":0.7285,"shard_id":"reasoning-records-001-2decf25c8be0","step":64,"threshold":0.8444}
[   17.06s] EVENT opus_floor_override {"lane":"agentic","score":0.3801,"shard_id":"agentic-records-002-1b1daec1287a","step":64,"threshold":0.8444}
[   20.00s] EVENT opus_floor_override {"lane":"indic","score":0.4271,"shard_id":"indic-stream-002-23467b6ff456","step":64,"threshold":0.785}
[   20.00s] EVENT opus_floor_override {"lane":"reasoning","score":0.7563,"shard_id":"reasoning-records-000-1b7ece6a0e11","step":64,"threshold":0.785}
[   20.00s] EVENT opus_floor_override {"lane":"agentic","score":0.306,"shard_id":"agentic-records-003-9601fd19f6b0","step":64,"threshold":0.785}
[   22.51s] EVENT opus_floor_override {"lane":"indic","score":0.4803,"shard_id":"indic-stream-001-cf07c97995a5","step":65,"threshold":0.8367}
[   22.51s] EVENT opus_floor_override {"lane":"reasoning","score":0.6612,"shard_id":"reasoning-records-001-2decf25c8be0","step":65,"threshold":0.8367}
[   23.29s] EVENT opus_floor_override {"lane":"indic","score":0.6595,"shard_id":"indic-stream-002-23467b6ff456","step":65,"threshold":0.9257}
[   23.29s] EVENT opus_floor_override {"lane":"reasoning","score":0.7943,"shard_id":"reasoning-records-000-1b7ece6a0e11","step":65,"threshold":0.9257}
[   24.09s] EVENT opus_floor_override {"lane":"indic","score":0.6298,"shard_id":"indic-stream-002-23467b6ff456","step":66,"threshold":0.8291}
[   24.09s] EVENT opus_floor_override {"lane":"indic","score":0.5093,"shard_id":"indic-stream-002-23467b6ff456","step":66,"threshold":0.8291}
[   24.09s] EVENT opus_floor_override {"lane":"reasoning","score":0.7147,"shard_id":"reasoning-records-002-00576ef33041","step":66,"threshold":0.8291}
[   24.75s] EVENT opus_floor_override {"lane":"indic","score":0.5185,"shard_id":"indic-stream-002-23467b6ff456","step":66,"threshold":0.817}
[   24.75s] EVENT opus_floor_override {"lane":"indic","score":0.491,"shard_id":"indic-stream-000-7a10be42da1f","step":66,"threshold":0.817}
[   24.75s] EVENT opus_floor_override {"lane":"reasoning","score":0.6615,"shard_id":"reasoning-records-002-00576ef33041","step":66,"threshold":0.817}
[   25.44s] EVENT opus_floor_override {"lane":"indic","score":0.5369,"shard_id":"indic-stream-002-23467b6ff456","step":67,"threshold":0.9145}
[   25.44s] EVENT opus_floor_override {"lane":"agentic","score":0.3689,"shard_id":"agentic-records-000-5e93975d7b4b","step":67,"threshold":0.9145}
[   26.13s] EVENT opus_floor_override {"lane":"indic","score":0.4108,"shard_id":"indic-stream-002-23467b6ff456","step":67,"threshold":0.8805}
[   26.13s] EVENT opus_floor_override {"lane":"agentic","score":0.3931,"shard_id":"agentic-records-001-0afd358d11c3","step":67,"threshold":0.8805}
[   26.79s] EVENT opus_floor_override {"lane":"indic","score":0.5128,"shard_id":"indic-stream-000-7a10be42da1f","step":68,"threshold":0.9841}
[   27.41s] EVENT opus_floor_override {"lane":"indic","score":0.7671,"shard_id":"indic-stream-002-23467b6ff456","step":68,"threshold":0.8605}
[   27.41s] EVENT opus_floor_override {"lane":"reasoning","score":0.7231,"shard_id":"reasoning-records-002-00576ef33041","step":68,"threshold":0.8605}
[   28.07s] EVENT opus_floor_override {"lane":"indic","score":0.6561,"shard_id":"indic-stream-000-7a10be42da1f","step":69,"threshold":0.7681}
[   28.07s] EVENT opus_floor_override {"lane":"indic","score":0.5516,"shard_id":"indic-stream-002-23467b6ff456","step":69,"threshold":0.7681}
[   28.07s] EVENT opus_floor_override {"lane":"reasoning","score":0.768,"shard_id":"reasoning-records-003-f5693dcadeac","step":69,"threshold":0.7681}
[   28.73s] EVENT opus_floor_override {"lane":"indic","score":0.5509,"shard_id":"indic-stream-002-23467b6ff456","step":69,"threshold":0.8685}
[   28.73s] EVENT opus_floor_override {"lane":"indic","score":0.4042,"shard_id":"indic-stream-000-7a10be42da1f","step":69,"threshold":0.8685}
[   29.41s] EVENT opus_floor_override {"lane":"indic","score":0.5471,"shard_id":"indic-stream-000-7a10be42da1f","step":70,"threshold":0.8552}
[   29.41s] EVENT opus_floor_override {"lane":"reasoning","score":0.675,"shard_id":"reasoning-records-002-00576ef33041","step":70,"threshold":0.8552}
[   29.41s] EVENT opus_floor_override {"lane":"agentic","score":0.3943,"shard_id":"agentic-records-003-9601fd19f6b0","step":70,"threshold":0.8552}
[   30.04s] EVENT opus_floor_override {"lane":"indic","score":0.5177,"shard_id":"indic-stream-001-cf07c97995a5","step":70,"threshold":0.8593}
[   30.04s] EVENT opus_floor_override {"lane":"agentic","score":0.3909,"shard_id":"agentic-records-001-0afd358d11c3","step":70,"threshold":0.8593}
[   31.15s] EVENT train_step {"loss":6.063,"stage":"s1-general","step":70}
[   31.16s] EVENT opus_floor_override {"lane":"indic","score":0.4911,"shard_id":"indic-stream-002-23467b6ff456","step":71,"threshold":0.8819}
[   31.16s] EVENT opus_floor_override {"lane":"reasoning","score":0.7671,"shard_id":"reasoning-records-003-f5693dcadeac","step":71,"threshold":0.8819}
[   31.86s] EVENT opus_floor_override {"lane":"indic","score":0.6981,"shard_id":"indic-stream-002-23467b6ff456","step":71,"threshold":0.9096}
[   31.86s] EVENT opus_floor_override {"lane":"reasoning","score":0.7241,"shard_id":"reasoning-records-001-2decf25c8be0","step":71,"threshold":0.9096}
[   32.54s] EVENT opus_floor_override {"lane":"indic","score":0.5632,"shard_id":"indic-stream-002-23467b6ff456","step":72,"threshold":0.8651}
[   32.54s] EVENT opus_floor_override {"lane":"indic","score":0.4705,"shard_id":"indic-stream-000-7a10be42da1f","step":72,"threshold":0.8651}
[   33.23s] EVENT opus_floor_override {"lane":"indic","score":0.6131,"shard_id":"indic-stream-002-23467b6ff456","step":72,"threshold":0.8513}
[   33.23s] EVENT opus_floor_override {"lane":"indic","score":0.6027,"shard_id":"indic-stream-002-23467b6ff456","step":72,"threshold":0.8513}
[   33.99s] EVENT opus_floor_override {"lane":"indic","score":0.4713,"shard_id":"indic-stream-001-cf07c97995a5","step":73,"threshold":0.9054}
[   33.99s] EVENT opus_floor_override {"lane":"reasoning","score":0.5002,"shard_id":"reasoning-records-002-00576ef33041","step":73,"threshold":0.9054}
[   33.99s] EVENT opus_floor_override {"lane":"agentic","score":0.3934,"shard_id":"agentic-records-002-1b1daec1287a","step":73,"threshold":0.9054}
[   35.00s] EVENT opus_floor_override {"lane":"indic","score":0.5256,"shard_id":"indic-stream-002-23467b6ff456","step":73,"threshold":0.7603}
[   35.00s] EVENT opus_floor_override {"lane":"reasoning","score":0.5818,"shard_id":"reasoning-records-002-00576ef33041","step":73,"threshold":0.7603}
[   35.00s] EVENT opus_floor_override {"lane":"agentic","score":0.4303,"shard_id":"agentic-records-002-1b1daec1287a","step":73,"threshold":0.7603}
[   35.73s] EVENT opus_floor_override {"lane":"indic","score":0.6638,"shard_id":"indic-stream-002-23467b6ff456","step":74,"threshold":0.9096}
[   35.73s] EVENT opus_floor_override {"lane":"reasoning","score":0.6752,"shard_id":"reasoning-records-003-f5693dcadeac","step":74,"threshold":0.9096}
[   36.55s] EVENT opus_floor_override {"lane":"indic","score":0.5089,"shard_id":"indic-stream-002-23467b6ff456","step":74,"threshold":0.877}
[   36.55s] EVENT opus_floor_override {"lane":"reasoning","score":0.7283,"shard_id":"reasoning-records-000-1b7ece6a0e11","step":74,"threshold":0.877}
[   37.27s] EVENT opus_floor_override {"lane":"indic","score":0.56,"shard_id":"indic-stream-000-7a10be42da1f","step":75,"threshold":1.0}
[   37.27s] EVENT opus_floor_override {"lane":"reasoning","score":0.4583,"shard_id":"reasoning-records-000-1b7ece6a0e11","step":75,"threshold":1.0}
[   38.38s] EVENT opus_floor_override {"lane":"indic","score":0.5779,"shard_id":"indic-stream-000-7a10be42da1f","step":75,"threshold":0.9093}
[   38.38s] EVENT opus_floor_override {"lane":"reasoning","score":0.7069,"shard_id":"reasoning-records-003-f5693dcadeac","step":75,"threshold":0.9093}
[   39.29s] EVENT opus_floor_override {"lane":"indic","score":0.4835,"shard_id":"indic-stream-000-7a10be42da1f","step":76,"threshold":0.892}
[   39.30s] EVENT opus_floor_override {"lane":"reasoning","score":0.6589,"shard_id":"reasoning-records-003-f5693dcadeac","step":76,"threshold":0.892}
[   39.30s] EVENT opus_floor_override {"lane":"agentic","score":0.4066,"shard_id":"agentic-records-001-0afd358d11c3","step":76,"threshold":0.892}
[   40.37s] EVENT opus_floor_override {"lane":"indic","score":0.5882,"shard_id":"indic-stream-002-23467b6ff456","step":76,"threshold":0.7955}
[   40.37s] EVENT opus_floor_override {"lane":"agentic","score":0.4258,"shard_id":"agentic-records-002-1b1daec1287a","step":76,"threshold":0.7955}
[   41.28s] EVENT opus_floor_override {"lane":"indic","score":0.6534,"shard_id":"indic-stream-002-23467b6ff456","step":77,"threshold":0.8492}
[   41.28s] EVENT opus_floor_override {"lane":"indic","score":0.5915,"shard_id":"indic-stream-002-23467b6ff456","step":77,"threshold":0.8492}
[   42.18s] EVENT opus_floor_override {"lane":"indic","score":0.7253,"shard_id":"indic-stream-002-23467b6ff456","step":77,"threshold":0.8638}
[   42.18s] EVENT opus_floor_override {"lane":"indic","score":0.6492,"shard_id":"indic-stream-002-23467b6ff456","step":77,"threshold":0.8638}
[   43.18s] EVENT opus_floor_override {"lane":"indic","score":0.5956,"shard_id":"indic-stream-002-23467b6ff456","step":78,"threshold":0.8701}
[   43.18s] EVENT opus_floor_override {"lane":"reasoning","score":0.5679,"shard_id":"reasoning-records-000-1b7ece6a0e11","step":78,"threshold":0.8701}
[   44.00s] EVENT opus_floor_override {"lane":"indic","score":0.4038,"shard_id":"indic-stream-000-7a10be42da1f","step":78,"threshold":0.9049}
[   44.00s] EVENT opus_floor_override {"lane":"reasoning","score":0.7223,"shard_id":"reasoning-records-000-1b7ece6a0e11","step":78,"threshold":0.9049}
[   44.72s] EVENT opus_floor_override {"lane":"indic","score":0.5718,"shard_id":"indic-stream-002-23467b6ff456","step":79,"threshold":0.8116}
[   44.72s] EVENT opus_floor_override {"lane":"reasoning","score":0.4808,"shard_id":"reasoning-records-001-2decf25c8be0","step":79,"threshold":0.8116}
[   44.72s] EVENT opus_floor_override {"lane":"agentic","score":0.3857,"shard_id":"agentic-records-001-0afd358d11c3","step":79,"threshold":0.8116}
[   45.42s] EVENT opus_floor_override {"lane":"indic","score":0.4934,"shard_id":"indic-stream-001-cf07c97995a5","step":79,"threshold":0.8203}
[   45.42s] EVENT opus_floor_override {"lane":"reasoning","score":0.7845,"shard_id":"reasoning-records-001-2decf25c8be0","step":79,"threshold":0.8203}
[   45.42s] EVENT opus_floor_override {"lane":"agentic","score":0.4237,"shard_id":"agentic-records-002-1b1daec1287a","step":79,"threshold":0.8203}
[   46.26s] EVENT opus_floor_override {"lane":"indic","score":0.5142,"shard_id":"indic-stream-002-23467b6ff456","step":80,"threshold":0.9187}
[   46.26s] EVENT opus_floor_override {"lane":"indic","score":0.3874,"shard_id":"indic-stream-001-cf07c97995a5","step":80,"threshold":0.9187}
[   46.26s] EVENT opus_floor_override {"lane":"reasoning","score":0.6562,"shard_id":"reasoning-records-003-f5693dcadeac","step":80,"threshold":0.9187}
[   46.91s] EVENT opus_floor_override {"lane":"indic","score":0.585,"shard_id":"indic-stream-002-23467b6ff456","step":80,"threshold":0.8093}
[   46.91s] EVENT opus_floor_override {"lane":"indic","score":0.4832,"shard_id":"indic-stream-002-23467b6ff456","step":80,"threshold":0.8093}
[   46.91s] EVENT opus_floor_override {"lane":"reasoning","score":0.669,"shard_id":"reasoning-records-002-00576ef33041","step":80,"threshold":0.8093}
[   47.89s] EVENT train_step {"loss":6.4208,"stage":"s2-capability","step":80}
[   47.90s] EVENT opus_floor_override {"lane":"indic","score":0.4686,"shard_id":"indic-stream-001-cf07c97995a5","step":81,"threshold":0.8829}
[   47.90s] EVENT opus_floor_override {"lane":"reasoning","score":0.7859,"shard_id":"reasoning-records-000-1b7ece6a0e11","step":81,"threshold":0.8829}
[   48.62s] EVENT opus_floor_override {"lane":"indic","score":0.5519,"shard_id":"indic-stream-002-23467b6ff456","step":81,"threshold":0.8584}
[   48.62s] EVENT opus_floor_override {"lane":"reasoning","score":0.6107,"shard_id":"reasoning-records-000-1b7ece6a0e11","step":81,"threshold":0.8584}
[   49.43s] EVENT opus_floor_override {"lane":"indic","score":0.6886,"shard_id":"indic-stream-002-23467b6ff456","step":82,"threshold":0.781}
[   49.43s] EVENT opus_floor_override {"lane":"reasoning","score":0.7629,"shard_id":"reasoning-records-002-00576ef33041","step":82,"threshold":0.781}
[   49.43s] EVENT opus_floor_override {"lane":"agentic","score":0.3132,"shard_id":"agentic-records-003-9601fd19f6b0","step":82,"threshold":0.781}
[   50.49s] EVENT opus_floor_override {"lane":"indic","score":0.3238,"shard_id":"indic-stream-002-23467b6ff456","step":82,"threshold":0.8713}
[   50.50s] EVENT opus_floor_override {"lane":"reasoning","score":0.7228,"shard_id":"reasoning-records-000-1b7ece6a0e11","step":82,"threshold":0.8713}
[   50.50s] EVENT opus_floor_override {"lane":"agentic","score":0.3851,"shard_id":"agentic-records-001-0afd358d11c3","step":82,"threshold":0.8713}
[   51.27s] EVENT opus_floor_override {"lane":"indic","score":0.5848,"shard_id":"indic-stream-002-23467b6ff456","step":83,"threshold":0.707}
[   51.27s] EVENT opus_floor_override {"lane":"indic","score":0.4106,"shard_id":"indic-stream-000-7a10be42da1f","step":83,"threshold":0.707}
[   51.27s] EVENT opus_floor_override {"lane":"reasoning","score":0.6667,"shard_id":"reasoning-records-002-00576ef33041","step":83,"threshold":0.707}
[   51.99s] EVENT opus_floor_override {"lane":"indic","score":0.622,"shard_id":"indic-stream-002-23467b6ff456","step":83,"threshold":0.7299}
[   52.00s] EVENT opus_floor_override {"lane":"indic","score":0.6071,"shard_id":"indic-stream-002-23467b6ff456","step":83,"threshold":0.7299}
[   52.00s] EVENT opus_floor_override {"lane":"reasoning","score":0.7049,"shard_id":"reasoning-records-002-00576ef33041","step":83,"threshold":0.7299}
[   53.07s] EVENT opus_floor_override {"lane":"indic","score":0.66,"shard_id":"indic-stream-002-23467b6ff456","step":84,"threshold":0.8764}
[   53.07s] EVENT opus_floor_override {"lane":"reasoning","score":0.5427,"shard_id":"reasoning-records-003-f5693dcadeac","step":84,"threshold":0.8764}
[   53.07s] EVENT opus_floor_override {"lane":"agentic","score":0.3384,"shard_id":"agentic-records-002-1b1daec1287a","step":84,"threshold":0.8764}
[   53.77s] EVENT opus_floor_override {"lane":"indic","score":0.416,"shard_id":"indic-stream-002-23467b6ff456","step":84,"threshold":0.801}
[   53.77s] EVENT opus_floor_override {"lane":"reasoning","score":0.5736,"shard_id":"reasoning-records-001-2decf25c8be0","step":84,"threshold":0.801}
[   53.77s] EVENT opus_floor_override {"lane":"agentic","score":0.3604,"shard_id":"agentic-records-001-0afd358d11c3","step":84,"threshold":0.801}
[   54.70s] EVENT opus_floor_override {"lane":"indic","score":0.4131,"shard_id":"indic-stream-001-cf07c97995a5","step":85,"threshold":0.8598}
[   54.70s] EVENT opus_floor_override {"lane":"reasoning","score":0.6433,"shard_id":"reasoning-records-000-1b7ece6a0e11","step":85,"threshold":0.8598}
[   55.42s] EVENT opus_floor_override {"lane":"indic","score":0.4412,"shard_id":"indic-stream-001-cf07c97995a5","step":85,"threshold":0.8877}
[   55.42s] EVENT opus_floor_override {"lane":"reasoning","score":0.7144,"shard_id":"reasoning-records-001-2decf25c8be0","step":85,"threshold":0.8877}
[   56.22s] EVENT opus_floor_override {"lane":"indic","score":0.556,"shard_id":"indic-stream-001-cf07c97995a5","step":86,"threshold":0.9104}
[   56.22s] EVENT opus_floor_override {"lane":"indic","score":0.4978,"shard_id":"indic-stream-001-cf07c97995a5","step":86,"threshold":0.9104}
[   57.01s] EVENT opus_floor_override {"lane":"indic","score":0.6515,"shard_id":"indic-stream-002-23467b6ff456","step":86,"threshold":0.8545}
[   57.01s] EVENT opus_floor_override {"lane":"indic","score":0.549,"shard_id":"indic-stream-000-7a10be42da1f","step":86,"threshold":0.8545}
[   57.01s] EVENT opus_floor_override {"lane":"reasoning","score":0.62,"shard_id":"reasoning-records-000-1b7ece6a0e11","step":86,"threshold":0.8545}
[   57.95s] EVENT opus_floor_override {"lane":"indic","score":0.5041,"shard_id":"indic-stream-002-23467b6ff456","step":87,"threshold":0.7716}
[   57.95s] EVENT opus_floor_override {"lane":"agentic","score":0.3871,"shard_id":"agentic-records-002-1b1daec1287a","step":87,"threshold":0.7716}
[   58.66s] EVENT opus_floor_override {"lane":"indic","score":0.4062,"shard_id":"indic-stream-002-23467b6ff456","step":87,"threshold":0.8928}
[   58.66s] EVENT opus_floor_override {"lane":"reasoning","score":0.619,"shard_id":"reasoning-records-000-1b7ece6a0e11","step":87,"threshold":0.8928}
[   58.66s] EVENT opus_floor_override {"lane":"agentic","score":0.3871,"shard_id":"agentic-records-002-1b1daec1287a","step":87,"threshold":0.8928}
[   59.55s] EVENT opus_floor_override {"lane":"indic","score":0.5183,"shard_id":"indic-stream-002-23467b6ff456","step":88,"threshold":0.762}
[   59.55s] EVENT opus_floor_override {"lane":"reasoning","score":0.6405,"shard_id":"reasoning-records-000-1b7ece6a0e11","step":88,"threshold":0.762}
[   59.56s] EVENT opus_floor_override {"lane":"agentic","score":0.3791,"shard_id":"agentic-records-001-0afd358d11c3","step":88,"threshold":0.762}
[   60.26s] EVENT opus_floor_override {"lane":"indic","score":0.5798,"shard_id":"indic-stream-002-23467b6ff456","step":88,"threshold":0.821}
[   60.26s] EVENT opus_floor_override {"lane":"reasoning","score":0.8027,"shard_id":"reasoning-records-002-00576ef33041","step":88,"threshold":0.821}
[   60.26s] EVENT opus_floor_override {"lane":"agentic","score":0.3414,"shard_id":"agentic-records-003-9601fd19f6b0","step":88,"threshold":0.821}
[   61.06s] EVENT opus_floor_override {"lane":"indic","score":0.5189,"shard_id":"indic-stream-002-23467b6ff456","step":89,"threshold":0.7642}
[   61.06s] EVENT opus_floor_override {"lane":"indic","score":0.4863,"shard_id":"indic-stream-002-23467b6ff456","step":89,"threshold":0.7642}
[   61.06s] EVENT opus_floor_override {"lane":"reasoning","score":0.669,"shard_id":"reasoning-records-000-1b7ece6a0e11","step":89,"threshold":0.7642}
[   62.05s] EVENT opus_floor_override {"lane":"indic","score":0.642,"shard_id":"indic-stream-002-23467b6ff456","step":89,"threshold":0.8119}
[   62.05s] EVENT opus_floor_override {"lane":"indic","score":0.4465,"shard_id":"indic-stream-002-23467b6ff456","step":89,"threshold":0.8119}
[   62.05s] EVENT opus_floor_override {"lane":"reasoning","score":0.7787,"shard_id":"reasoning-records-000-1b7ece6a0e11","step":89,"threshold":0.8119}
[   62.87s] EVENT opus_floor_override {"lane":"indic","score":0.493,"shard_id":"indic-stream-001-cf07c97995a5","step":90,"threshold":0.7541}
[   62.87s] EVENT opus_floor_override {"lane":"reasoning","score":0.6839,"shard_id":"reasoning-records-000-1b7ece6a0e11","step":90,"threshold":0.7541}
[   62.87s] EVENT opus_floor_override {"lane":"agentic","score":0.3633,"shard_id":"agentic-records-002-1b1daec1287a","step":90,"threshold":0.7541}
[   63.72s] EVENT opus_floor_override {"lane":"indic","score":0.4411,"shard_id":"indic-stream-000-7a10be42da1f","step":90,"threshold":0.8367}
[   63.73s] EVENT opus_floor_override {"lane":"agentic","score":0.4284,"shard_id":"agentic-records-001-0afd358d11c3","step":90,"threshold":0.8367}
[   64.46s] EVENT train_step {"loss":6.106,"stage":"s2-capability","step":90}
[PASS] checkpoint_saved {"checkpoint_id":"ckpt_main_step00090","consumption_offset":182,"step":90}
[   64.55s] EVENT opus_floor_override {"lane":"indic","score":0.582,"shard_id":"indic-stream-002-23467b6ff456","step":91,"threshold":0.6614}
[   64.55s] EVENT opus_floor_override {"lane":"indic","score":0.4759,"shard_id":"indic-stream-001-cf07c97995a5","step":91,"threshold":0.6614}
[   64.55s] EVENT opus_floor_override {"lane":"reasoning","score":0.6442,"shard_id":"reasoning-records-002-00576ef33041","step":91,"threshold":0.6614}
[   65.22s] EVENT opus_floor_override {"lane":"indic","score":0.458,"shard_id":"indic-stream-001-cf07c97995a5","step":91,"threshold":0.6445}
[   65.22s] EVENT opus_floor_override {"lane":"indic","score":0.4475,"shard_id":"indic-stream-001-cf07c97995a5","step":91,"threshold":0.6445}
[   65.22s] EVENT opus_floor_override {"lane":"reasoning","score":0.6436,"shard_id":"reasoning-records-001-2decf25c8be0","step":91,"threshold":0.6445}
[   65.86s] EVENT opus_floor_override {"lane":"indic","score":0.705,"shard_id":"indic-stream-002-23467b6ff456","step":92,"threshold":0.797}
[   65.86s] EVENT opus_floor_override {"lane":"reasoning","score":0.6925,"shard_id":"reasoning-records-003-f5693dcadeac","step":92,"threshold":0.797}
[   65.86s] EVENT opus_floor_override {"lane":"agentic","score":0.449,"shard_id":"agentic-records-001-0afd358d11c3","step":92,"threshold":0.797}
[   66.54s] EVENT opus_floor_override {"lane":"indic","score":0.5858,"shard_id":"indic-stream-002-23467b6ff456","step":92,"threshold":0.8683}
[   66.54s] EVENT opus_floor_override {"lane":"reasoning","score":0.7506,"shard_id":"reasoning-records-003-f5693dcadeac","step":92,"threshold":0.8683}
[   66.54s] EVENT opus_floor_override {"lane":"agentic","score":0.4263,"shard_id":"agentic-records-001-0afd358d11c3","step":92,"threshold":0.8683}
[   67.30s] EVENT opus_floor_override {"lane":"indic","score":0.5407,"shard_id":"indic-stream-002-23467b6ff456","step":93,"threshold":0.5474}
[   67.30s] EVENT opus_floor_override {"lane":"indic","score":0.5015,"shard_id":"indic-stream-002-23467b6ff456","step":93,"threshold":0.5474}
[   67.30s] EVENT opus_floor_override {"lane":"agentic","score":0.3952,"shard_id":"agentic-records-000-5e93975d7b4b","step":93,"threshold":0.5474}
[   68.10s] EVENT opus_floor_override {"lane":"indic","score":0.5119,"shard_id":"indic-stream-002-23467b6ff456","step":93,"threshold":0.6586}
[   68.10s] EVENT opus_floor_override {"lane":"agentic","score":0.3917,"shard_id":"agentic-records-001-0afd358d11c3","step":93,"threshold":0.6586}
[   69.06s] EVENT opus_floor_override {"lane":"indic","score":0.5121,"shard_id":"indic-stream-002-23467b6ff456","step":94,"threshold":0.8448}
[   69.06s] EVENT opus_floor_override {"lane":"reasoning","score":0.7706,"shard_id":"reasoning-records-001-2decf25c8be0","step":94,"threshold":0.8448}
[   69.06s] EVENT opus_floor_override {"lane":"reasoning","score":0.7352,"shard_id":"reasoning-records-000-1b7ece6a0e11","step":94,"threshold":0.8448}
[   69.76s] EVENT opus_floor_override {"lane":"indic","score":0.7007,"shard_id":"indic-stream-002-23467b6ff456","step":94,"threshold":0.7707}
[   69.76s] EVENT opus_floor_override {"lane":"reasoning","score":0.7053,"shard_id":"reasoning-records-001-2decf25c8be0","step":94,"threshold":0.7707}
[   69.76s] EVENT opus_floor_override {"lane":"reasoning","score":0.6011,"shard_id":"reasoning-records-001-2decf25c8be0","step":94,"threshold":0.7707}
[   70.77s] EVENT opus_floor_override {"lane":"indic","score":0.6783,"shard_id":"indic-stream-002-23467b6ff456","step":95,"threshold":0.8599}
[   70.77s] EVENT opus_floor_override {"lane":"reasoning","score":0.6626,"shard_id":"reasoning-records-000-1b7ece6a0e11","step":95,"threshold":0.8599}
[   70.77s] EVENT opus_floor_override {"lane":"agentic","score":0.3769,"shard_id":"agentic-records-000-5e93975d7b4b","step":95,"threshold":0.8599}
[   71.88s] EVENT opus_floor_override {"lane":"indic","score":0.4099,"shard_id":"indic-stream-001-cf07c97995a5","step":95,"threshold":0.7382}
[   71.88s] EVENT opus_floor_override {"lane":"reasoning","score":0.6784,"shard_id":"reasoning-records-000-1b7ece6a0e11","step":95,"threshold":0.7382}
[   71.88s] EVENT opus_floor_override {"lane":"agentic","score":0.3769,"shard_id":"agentic-records-000-5e93975d7b4b","step":95,"threshold":0.7382}
[   72.70s] EVENT opus_floor_override {"lane":"indic","score":0.4138,"shard_id":"indic-stream-001-cf07c97995a5","step":96,"threshold":0.6245}
[   72.70s] EVENT opus_floor_override {"lane":"agentic","score":0.3532,"shard_id":"agentic-records-002-1b1daec1287a","step":96,"threshold":0.6245}
[   73.50s] EVENT opus_floor_override {"lane":"indic","score":0.64,"shard_id":"indic-stream-002-23467b6ff456","step":96,"threshold":0.6628}
[   73.50s] EVENT opus_floor_override {"lane":"indic","score":0.5956,"shard_id":"indic-stream-002-23467b6ff456","step":96,"threshold":0.6628}
[   73.50s] EVENT opus_floor_override {"lane":"agentic","score":0.327,"shard_id":"agentic-records-000-5e93975d7b4b","step":96,"threshold":0.6628}
[   74.89s] EVENT opus_floor_override {"lane":"indic","score":0.5565,"shard_id":"indic-stream-000-7a10be42da1f","step":97,"threshold":0.86}
[   74.90s] EVENT opus_floor_override {"lane":"indic","score":0.4438,"shard_id":"indic-stream-002-23467b6ff456","step":97,"threshold":0.86}
[   74.90s] EVENT opus_floor_override {"lane":"reasoning","score":0.8437,"shard_id":"reasoning-records-002-00576ef33041","step":97,"threshold":0.86}
[   75.69s] EVENT opus_floor_override {"lane":"indic","score":0.5916,"shard_id":"indic-stream-002-23467b6ff456","step":97,"threshold":0.8296}
[   75.69s] EVENT opus_floor_override {"lane":"indic","score":0.4822,"shard_id":"indic-stream-002-23467b6ff456","step":97,"threshold":0.8296}
[   75.70s] EVENT opus_floor_override {"lane":"reasoning","score":0.6997,"shard_id":"reasoning-records-002-00576ef33041","step":97,"threshold":0.8296}
[   76.87s] EVENT opus_floor_override {"lane":"indic","score":0.5612,"shard_id":"indic-stream-002-23467b6ff456","step":98,"threshold":0.6068}
[   76.87s] EVENT opus_floor_override {"lane":"reasoning","score":0.4622,"shard_id":"reasoning-records-001-2decf25c8be0","step":98,"threshold":0.6068}
[   76.87s] EVENT opus_floor_override {"lane":"agentic","score":0.3654,"shard_id":"agentic-records-002-1b1daec1287a","step":98,"threshold":0.6068}
[   78.05s] EVENT opus_floor_override {"lane":"indic","score":0.5365,"shard_id":"indic-stream-000-7a10be42da1f","step":98,"threshold":0.7057}
[   78.05s] EVENT opus_floor_override {"lane":"agentic","score":0.4052,"shard_id":"agentic-records-002-1b1daec1287a","step":98,"threshold":0.7057}
[   78.99s] EVENT opus_floor_override {"lane":"indic","score":0.42,"shard_id":"indic-stream-000-7a10be42da1f","step":99,"threshold":0.8308}
[   78.99s] EVENT opus_floor_override {"lane":"agentic","score":0.36,"shard_id":"agentic-records-002-1b1daec1287a","step":99,"threshold":0.8308}
[   79.77s] EVENT opus_floor_override {"lane":"indic","score":0.4718,"shard_id":"indic-stream-002-23467b6ff456","step":99,"threshold":0.8494}
[   79.77s] EVENT opus_floor_override {"lane":"agentic","score":0.3716,"shard_id":"agentic-records-000-5e93975d7b4b","step":99,"threshold":0.8494}
[   80.55s] EVENT opus_floor_override {"lane":"indic","score":0.4105,"shard_id":"indic-stream-000-7a10be42da1f","step":100,"threshold":0.8094}
[   80.55s] EVENT opus_floor_override {"lane":"indic","score":0.3978,"shard_id":"indic-stream-000-7a10be42da1f","step":100,"threshold":0.8094}
[   80.55s] EVENT opus_floor_override {"lane":"reasoning","score":0.6961,"shard_id":"reasoning-records-002-00576ef33041","step":100,"threshold":0.8094}
[   81.70s] EVENT opus_floor_override {"lane":"indic","score":0.5674,"shard_id":"indic-stream-002-23467b6ff456","step":100,"threshold":0.8295}
[   81.70s] EVENT opus_floor_override {"lane":"indic","score":0.5204,"shard_id":"indic-stream-002-23467b6ff456","step":100,"threshold":0.8295}
[   81.70s] EVENT opus_floor_override {"lane":"reasoning","score":0.5912,"shard_id":"reasoning-records-000-1b7ece6a0e11","step":100,"threshold":0.8295}
[   82.43s] EVENT train_step {"loss":6.1809,"stage":"s2-capability","step":100}
[   82.43s] EVENT opus_floor_override {"lane":"indic","score":0.5195,"shard_id":"indic-stream-002-23467b6ff456","step":101,"threshold":0.7411}
[   82.43s] EVENT opus_floor_override {"lane":"agentic","score":0.3674,"shard_id":"agentic-records-002-1b1daec1287a","step":101,"threshold":0.7411}
[   83.06s] EVENT opus_floor_override {"lane":"indic","score":0.5286,"shard_id":"indic-stream-002-23467b6ff456","step":101,"threshold":0.7471}
[   83.06s] EVENT opus_floor_override {"lane":"agentic","score":0.3351,"shard_id":"agentic-records-003-9601fd19f6b0","step":101,"threshold":0.7471}
[   83.78s] EVENT opus_floor_override {"lane":"indic","score":0.6412,"shard_id":"indic-stream-002-23467b6ff456","step":102,"threshold":0.8113}
[   83.78s] EVENT opus_floor_override {"lane":"indic","score":0.5675,"shard_id":"indic-stream-002-23467b6ff456","step":102,"threshold":0.8113}
[   83.78s] EVENT opus_floor_override {"lane":"reasoning","score":0.6247,"shard_id":"reasoning-records-000-1b7ece6a0e11","step":102,"threshold":0.8113}
[   84.46s] EVENT opus_floor_override {"lane":"indic","score":0.6586,"shard_id":"indic-stream-002-23467b6ff456","step":102,"threshold":0.8}
[   84.46s] EVENT opus_floor_override {"lane":"indic","score":0.4842,"shard_id":"indic-stream-000-7a10be42da1f","step":102,"threshold":0.8}
[   84.47s] EVENT opus_floor_override {"lane":"reasoning","score":0.5547,"shard_id":"reasoning-records-002-00576ef33041","step":102,"threshold":0.8}
[   85.18s] EVENT opus_floor_override {"lane":"indic","score":0.4945,"shard_id":"indic-stream-002-23467b6ff456","step":103,"threshold":0.7945}
[   85.18s] EVENT opus_floor_override {"lane":"reasoning","score":0.7856,"shard_id":"reasoning-records-002-00576ef33041","step":103,"threshold":0.7945}
[   85.18s] EVENT opus_floor_override {"lane":"agentic","score":0.3176,"shard_id":"agentic-records-002-1b1daec1287a","step":103,"threshold":0.7945}
[   86.06s] EVENT opus_floor_override {"lane":"indic","score":0.5729,"shard_id":"indic-stream-002-23467b6ff456","step":103,"threshold":0.9089}
[   86.06s] EVENT opus_floor_override {"lane":"reasoning","score":0.7941,"shard_id":"reasoning-records-001-2decf25c8be0","step":103,"threshold":0.9089}
[   86.06s] EVENT opus_floor_override {"lane":"agentic","score":0.3833,"shard_id":"agentic-records-000-5e93975d7b4b","step":103,"threshold":0.9089}
[   86.76s] EVENT opus_floor_override {"lane":"indic","score":0.6648,"shard_id":"indic-stream-002-23467b6ff456","step":104,"threshold":0.7591}
[   86.76s] EVENT opus_floor_override {"lane":"indic","score":0.609,"shard_id":"indic-stream-002-23467b6ff456","step":104,"threshold":0.7591}
[   86.76s] EVENT opus_floor_override {"lane":"agentic","score":0.347,"shard_id":"agentic-records-002-1b1daec1287a","step":104,"threshold":0.7591}
[   87.39s] EVENT opus_floor_override {"lane":"indic","score":0.5084,"shard_id":"indic-stream-000-7a10be42da1f","step":104,"threshold":0.5764}
[   87.39s] EVENT opus_floor_override {"lane":"indic","score":0.4203,"shard_id":"indic-stream-002-23467b6ff456","step":104,"threshold":0.5764}
[   87.39s] EVENT opus_floor_override {"lane":"agentic","score":0.3096,"shard_id":"agentic-records-003-9601fd19f6b0","step":104,"threshold":0.5764}
[   87.95s] EVENT opus_floor_override {"lane":"indic","score":0.4327,"shard_id":"indic-stream-001-cf07c97995a5","step":105,"threshold":0.8566}
[   87.95s] EVENT opus_floor_override {"lane":"reasoning","score":0.6943,"shard_id":"reasoning-records-000-1b7ece6a0e11","step":105,"threshold":0.8566}
[   88.65s] EVENT opus_floor_override {"lane":"indic","score":0.5248,"shard_id":"indic-stream-001-cf07c97995a5","step":105,"threshold":0.8575}
[   88.65s] EVENT opus_floor_override {"lane":"reasoning","score":0.6978,"shard_id":"reasoning-records-000-1b7ece6a0e11","step":105,"threshold":0.8575}
[   88.66s] EVENT opus_floor_override {"lane":"reasoning","score":0.6978,"shard_id":"reasoning-records-000-1b7ece6a0e11","step":105,"threshold":0.8575}
[   89.40s] EVENT opus_floor_override {"lane":"indic","score":0.5993,"shard_id":"indic-stream-002-23467b6ff456","step":106,"threshold":0.6144}
[   89.40s] EVENT opus_floor_override {"lane":"indic","score":0.4762,"shard_id":"indic-stream-002-23467b6ff456","step":106,"threshold":0.6144}
[   89.40s] EVENT opus_floor_override {"lane":"agentic","score":0.398,"shard_id":"agentic-records-002-1b1daec1287a","step":106,"threshold":0.6144}
[   90.02s] EVENT opus_floor_override {"lane":"indic","score":0.5492,"shard_id":"indic-stream-000-7a10be42da1f","step":106,"threshold":0.566}
[   90.02s] EVENT opus_floor_override {"lane":"indic","score":0.5203,"shard_id":"indic-stream-002-23467b6ff456","step":106,"threshold":0.566}
[   90.02s] EVENT opus_floor_override {"lane":"agentic","score":0.3554,"shard_id":"agentic-records-002-1b1daec1287a","step":106,"threshold":0.566}
[   90.75s] EVENT opus_floor_override {"lane":"indic","score":0.5126,"shard_id":"indic-stream-002-23467b6ff456","step":107,"threshold":0.7419}
[   90.75s] EVENT opus_floor_override {"lane":"reasoning","score":0.6637,"shard_id":"reasoning-records-000-1b7ece6a0e11","step":107,"threshold":0.7419}
[   90.75s] EVENT opus_floor_override {"lane":"agentic","score":0.4309,"shard_id":"agentic-records-001-0afd358d11c3","step":107,"threshold":0.7419}
[   91.38s] EVENT opus_floor_override {"lane":"indic","score":0.4238,"shard_id":"indic-stream-002-23467b6ff456","step":107,"threshold":0.8021}
[   91.38s] EVENT opus_floor_override {"lane":"reasoning","score":0.6421,"shard_id":"reasoning-records-003-f5693dcadeac","step":107,"threshold":0.8021}
[   91.38s] EVENT opus_floor_override {"lane":"agentic","score":0.3939,"shard_id":"agentic-records-002-1b1daec1287a","step":107,"threshold":0.8021}
[   92.16s] EVENT opus_floor_override {"lane":"indic","score":0.2722,"shard_id":"indic-stream-002-23467b6ff456","step":108,"threshold":0.8007}
[   92.16s] EVENT opus_floor_override {"lane":"reasoning","score":0.7792,"shard_id":"reasoning-records-002-00576ef33041","step":108,"threshold":0.8007}
[   92.16s] EVENT opus_floor_override {"lane":"reasoning","score":0.6902,"shard_id":"reasoning-records-001-2decf25c8be0","step":108,"threshold":0.8007}
[   92.72s] EVENT opus_floor_override {"lane":"indic","score":0.4126,"shard_id":"indic-stream-000-7a10be42da1f","step":108,"threshold":0.8016}
[   92.73s] EVENT opus_floor_override {"lane":"reasoning","score":0.5464,"shard_id":"reasoning-records-001-2decf25c8be0","step":108,"threshold":0.8016}
[   92.73s] EVENT opus_floor_override {"lane":"reasoning","score":0.5464,"shard_id":"reasoning-records-001-2decf25c8be0","step":108,"threshold":0.8016}
[   93.30s] EVENT opus_floor_override {"lane":"indic","score":0.4008,"shard_id":"indic-stream-002-23467b6ff456","step":109,"threshold":0.5434}
[   93.30s] EVENT opus_floor_override {"lane":"indic","score":0.3582,"shard_id":"indic-stream-000-7a10be42da1f","step":109,"threshold":0.5434}
[   93.30s] EVENT opus_floor_override {"lane":"agentic","score":0.3494,"shard_id":"agentic-records-000-5e93975d7b4b","step":109,"threshold":0.5434}
[   93.87s] EVENT opus_floor_override {"lane":"indic","score":0.5227,"shard_id":"indic-stream-002-23467b6ff456","step":109,"threshold":0.5562}
[   93.87s] EVENT opus_floor_override {"lane":"reasoning","score":0.5142,"shard_id":"reasoning-records-003-f5693dcadeac","step":109,"threshold":0.5562}
[   93.87s] EVENT opus_floor_override {"lane":"agentic","score":0.3473,"shard_id":"agentic-records-002-1b1daec1287a","step":109,"threshold":0.5562}
[   94.45s] EVENT opus_floor_override {"lane":"indic","score":0.3372,"shard_id":"indic-stream-000-7a10be42da1f","step":110,"threshold":0.7478}
[   94.46s] EVENT opus_floor_override {"lane":"reasoning","score":0.6832,"shard_id":"reasoning-records-002-00576ef33041","step":110,"threshold":0.7478}
[   94.46s] EVENT opus_floor_override {"lane":"agentic","score":0.3287,"shard_id":"agentic-records-000-5e93975d7b4b","step":110,"threshold":0.7478}
[   95.26s] EVENT opus_floor_override {"lane":"indic","score":0.4985,"shard_id":"indic-stream-002-23467b6ff456","step":110,"threshold":0.8217}
[   95.26s] EVENT opus_floor_override {"lane":"agentic","score":0.3361,"shard_id":"agentic-records-002-1b1daec1287a","step":110,"threshold":0.8217}
[   95.98s] EVENT train_step {"loss":6.0182,"stage":"s2-capability","step":110}
[   95.98s] EVENT opus_floor_override {"lane":"indic","score":0.6118,"shard_id":"indic-stream-002-23467b6ff456","step":111,"threshold":0.7903}
[   95.98s] EVENT opus_floor_override {"lane":"indic","score":0.4734,"shard_id":"indic-stream-001-cf07c97995a5","step":111,"threshold":0.7903}
[   95.98s] EVENT opus_floor_override {"lane":"reasoning","score":0.7272,"shard_id":"reasoning-records-003-f5693dcadeac","step":111,"threshold":0.7903}
[   96.59s] EVENT opus_floor_override {"lane":"indic","score":0.543,"shard_id":"indic-stream-002-23467b6ff456","step":111,"threshold":0.7318}
[   96.59s] EVENT opus_floor_override {"lane":"indic","score":0.4647,"shard_id":"indic-stream-002-23467b6ff456","step":111,"threshold":0.7318}
[   96.60s] EVENT opus_floor_override {"lane":"reasoning","score":0.6841,"shard_id":"reasoning-records-001-2decf25c8be0","step":111,"threshold":0.7318}
[   97.23s] EVENT opus_floor_override {"lane":"indic","score":0.5129,"shard_id":"indic-stream-002-23467b6ff456","step":112,"threshold":0.8285}
[   97.23s] EVENT opus_floor_override {"lane":"reasoning","score":0.6736,"shard_id":"reasoning-records-001-2decf25c8be0","step":112,"threshold":0.8285}
[   97.23s] EVENT opus_floor_override {"lane":"agentic","score":0.2643,"shard_id":"agentic-records-001-0afd358d11c3","step":112,"threshold":0.8285}
[   97.89s] EVENT opus_floor_override {"lane":"indic","score":0.4832,"shard_id":"indic-stream-001-cf07c97995a5","step":112,"threshold":0.7884}
[   97.89s] EVENT opus_floor_override {"lane":"reasoning","score":0.6828,"shard_id":"reasoning-records-001-2decf25c8be0","step":112,"threshold":0.7884}
[   97.90s] EVENT opus_floor_override {"lane":"agentic","score":0.4016,"shard_id":"agentic-records-001-0afd358d11c3","step":112,"threshold":0.7884}
[   98.87s] EVENT opus_floor_override {"lane":"indic","score":0.4946,"shard_id":"indic-stream-002-23467b6ff456","step":113,"threshold":0.686}
[   98.87s] EVENT opus_floor_override {"lane":"reasoning","score":0.6518,"shard_id":"reasoning-records-000-1b7ece6a0e11","step":113,"threshold":0.686}
[   98.87s] EVENT opus_floor_override {"lane":"agentic","score":0.3204,"shard_id":"agentic-records-000-5e93975d7b4b","step":113,"threshold":0.686}
[   99.56s] EVENT opus_floor_override {"lane":"indic","score":0.4164,"shard_id":"indic-stream-000-7a10be42da1f","step":113,"threshold":0.5777}
[   99.57s] EVENT opus_floor_override {"lane":"reasoning","score":0.5485,"shard_id":"reasoning-records-002-00576ef33041","step":113,"threshold":0.5777}
[   99.57s] EVENT opus_floor_override {"lane":"agentic","score":0.2763,"shard_id":"agentic-records-000-5e93975d7b4b","step":113,"threshold":0.5777}
[  100.42s] EVENT opus_floor_override {"lane":"indic","score":0.5425,"shard_id":"indic-stream-002-23467b6ff456","step":114,"threshold":0.7786}
[  100.42s] EVENT opus_floor_override {"lane":"indic","score":0.4833,"shard_id":"indic-stream-000-7a10be42da1f","step":114,"threshold":0.7786}
[  100.42s] EVENT opus_floor_override {"lane":"reasoning","score":0.7482,"shard_id":"reasoning-records-000-1b7ece6a0e11","step":114,"threshold":0.7786}
[  101.16s] EVENT opus_floor_override {"lane":"indic","score":0.5753,"shard_id":"indic-stream-000-7a10be42da1f","step":114,"threshold":0.8228}
[  101.17s] EVENT opus_floor_override {"lane":"indic","score":0.3674,"shard_id":"indic-stream-002-23467b6ff456","step":114,"threshold":0.8228}
[  101.17s] EVENT opus_floor_override {"lane":"reasoning","score":0.6151,"shard_id":"reasoning-records-001-2decf25c8be0","step":114,"threshold":0.8228}
[  101.77s] EVENT opus_floor_override {"lane":"indic","score":0.4038,"shard_id":"indic-stream-002-23467b6ff456","step":115,"threshold":0.7704}
[  101.77s] EVENT opus_floor_override {"lane":"reasoning","score":0.5458,"shard_id":"reasoning-records-002-00576ef33041","step":115,"threshold":0.7704}
[  101.77s] EVENT opus_floor_override {"lane":"agentic","score":0.2913,"shard_id":"agentic-records-003-9601fd19f6b0","step":115,"threshold":0.7704}
[  102.52s] EVENT opus_floor_override {"lane":"indic","score":0.5298,"shard_id":"indic-stream-002-23467b6ff456","step":115,"threshold":0.794}
[  102.52s] EVENT opus_floor_override {"lane":"reasoning","score":0.6373,"shard_id":"reasoning-records-001-2decf25c8be0","step":115,"threshold":0.794}
[  102.52s] EVENT opus_floor_override {"lane":"agentic","score":0.3832,"shard_id":"agentic-records-002-1b1daec1287a","step":115,"threshold":0.794}
[  103.28s] EVENT opus_floor_override {"lane":"indic","score":0.7053,"shard_id":"indic-stream-002-23467b6ff456","step":116,"threshold":0.7136}
[  103.28s] EVENT opus_floor_override {"lane":"indic","score":0.4526,"shard_id":"indic-stream-001-cf07c97995a5","step":116,"threshold":0.7136}
[  103.28s] EVENT opus_floor_override {"lane":"reasoning","score":0.6623,"shard_id":"reasoning-records-003-f5693dcadeac","step":116,"threshold":0.7136}
[  103.90s] EVENT opus_floor_override {"lane":"indic","score":0.4207,"shard_id":"indic-stream-002-23467b6ff456","step":116,"threshold":0.5926}
[  103.91s] EVENT opus_floor_override {"lane":"reasoning","score":0.5838,"shard_id":"reasoning-records-000-1b7ece6a0e11","step":116,"threshold":0.5926}
[  103.91s] EVENT opus_floor_override {"lane":"reasoning","score":0.5444,"shard_id":"reasoning-records-002-00576ef33041","step":116,"threshold":0.5926}
[  104.66s] EVENT opus_floor_override {"lane":"indic","score":0.4218,"shard_id":"indic-stream-002-23467b6ff456","step":117,"threshold":0.753}
[  104.67s] EVENT opus_floor_override {"lane":"reasoning","score":0.5293,"shard_id":"reasoning-records-000-1b7ece6a0e11","step":117,"threshold":0.753}
[  104.67s] EVENT opus_floor_override {"lane":"agentic","score":0.3365,"shard_id":"agentic-records-002-1b1daec1287a","step":117,"threshold":0.753}
[  105.49s] EVENT opus_floor_override {"lane":"indic","score":0.1926,"shard_id":"indic-stream-001-cf07c97995a5","step":117,"threshold":0.7186}
[  105.49s] EVENT opus_floor_override {"lane":"reasoning","score":0.5293,"shard_id":"reasoning-records-000-1b7ece6a0e11","step":117,"threshold":0.7186}
[  105.49s] EVENT opus_floor_override {"lane":"agentic","score":0.3481,"shard_id":"agentic-records-000-5e93975d7b4b","step":117,"threshold":0.7186}
[  106.18s] EVENT opus_floor_override {"lane":"indic","score":0.3284,"shard_id":"indic-stream-001-cf07c97995a5","step":118,"threshold":0.5493}
[  106.18s] EVENT opus_floor_override {"lane":"indic","score":0.325,"shard_id":"indic-stream-002-23467b6ff456","step":118,"threshold":0.5493}
[  106.18s] EVENT opus_floor_override {"lane":"agentic","score":0.3634,"shard_id":"agentic-records-000-5e93975d7b4b","step":118,"threshold":0.5493}
[  106.81s] EVENT opus_floor_override {"lane":"indic","score":0.4888,"shard_id":"indic-stream-002-23467b6ff456","step":118,"threshold":0.5699}
[  106.81s] EVENT opus_floor_override {"lane":"indic","score":0.4018,"shard_id":"indic-stream-002-23467b6ff456","step":118,"threshold":0.5699}
[  106.81s] EVENT opus_floor_override {"lane":"agentic","score":0.3287,"shard_id":"agentic-records-000-5e93975d7b4b","step":118,"threshold":0.5699}
[  107.41s] EVENT opus_floor_override {"lane":"indic","score":0.2879,"shard_id":"indic-stream-000-7a10be42da1f","step":119,"threshold":0.7581}
[  107.41s] EVENT opus_floor_override {"lane":"reasoning","score":0.6621,"shard_id":"reasoning-records-002-00576ef33041","step":119,"threshold":0.7581}
[  107.41s] EVENT opus_floor_override {"lane":"reasoning","score":0.6437,"shard_id":"reasoning-records-000-1b7ece6a0e11","step":119,"threshold":0.7581}
[  108.00s] EVENT opus_floor_override {"lane":"indic","score":0.5097,"shard_id":"indic-stream-000-7a10be42da1f","step":119,"threshold":0.7602}
[  108.00s] EVENT opus_floor_override {"lane":"reasoning","score":0.7164,"shard_id":"reasoning-records-003-f5693dcadeac","step":119,"threshold":0.7602}
[  108.62s] EVENT opus_floor_override {"lane":"indic","score":0.5566,"shard_id":"indic-stream-002-23467b6ff456","step":120,"threshold":0.6757}
[  108.62s] EVENT opus_floor_override {"lane":"reasoning","score":0.4777,"shard_id":"reasoning-records-002-00576ef33041","step":120,"threshold":0.6757}
[  108.62s] EVENT opus_floor_override {"lane":"agentic","score":0.4134,"shard_id":"agentic-records-001-0afd358d11c3","step":120,"threshold":0.6757}
[  109.19s] EVENT opus_floor_override {"lane":"indic","score":0.4573,"shard_id":"indic-stream-002-23467b6ff456","step":120,"threshold":0.814}
[  109.19s] EVENT opus_floor_override {"lane":"reasoning","score":0.7019,"shard_id":"reasoning-records-000-1b7ece6a0e11","step":120,"threshold":0.814}
[  109.20s] EVENT opus_floor_override {"lane":"agentic","score":0.3465,"shard_id":"agentic-records-002-1b1daec1287a","step":120,"threshold":0.814}
[  109.99s] EVENT train_step {"loss":5.9617,"stage":"s2-capability","step":120}
[PASS] checkpoint_saved {"checkpoint_id":"ckpt_main_step00120","consumption_offset":242,"step":120}
[  110.07s] EVENT opus_floor_override {"lane":"indic","score":0.5863,"shard_id":"indic-stream-002-23467b6ff456","step":121,"threshold":0.591}
[  110.07s] EVENT opus_floor_override {"lane":"indic","score":0.5161,"shard_id":"indic-stream-001-cf07c97995a5","step":121,"threshold":0.591}
[  110.07s] EVENT opus_floor_override {"lane":"agentic","score":0.3208,"shard_id":"agentic-records-002-1b1daec1287a","step":121,"threshold":0.591}
[  110.79s] EVENT opus_floor_override {"lane":"indic","score":0.5908,"shard_id":"indic-stream-002-23467b6ff456","step":121,"threshold":0.6022}
[  110.79s] EVENT opus_floor_override {"lane":"indic","score":0.4874,"shard_id":"indic-stream-001-cf07c97995a5","step":121,"threshold":0.6022}
[  110.79s] EVENT opus_floor_override {"lane":"agentic","score":0.3433,"shard_id":"agentic-records-000-5e93975d7b4b","step":121,"threshold":0.6022}
[  111.56s] EVENT opus_floor_override {"lane":"indic","score":0.4933,"shard_id":"indic-stream-002-23467b6ff456","step":122,"threshold":0.8417}
[  111.56s] EVENT opus_floor_override {"lane":"indic","score":0.4484,"shard_id":"indic-stream-002-23467b6ff456","step":122,"threshold":0.8417}
[  112.48s] EVENT opus_floor_override {"lane":"indic","score":0.4912,"shard_id":"indic-stream-002-23467b6ff456","step":122,"threshold":0.8178}
[  112.48s] EVENT opus_floor_override {"lane":"indic","score":0.4313,"shard_id":"indic-stream-000-7a10be42da1f","step":122,"threshold":0.8178}
[  112.48s] EVENT opus_floor_override {"lane":"reasoning","score":0.7345,"shard_id":"reasoning-records-001-2decf25c8be0","step":122,"threshold":0.8178}
[  113.43s] EVENT opus_floor_override {"lane":"indic","score":0.4581,"shard_id":"indic-stream-001-cf07c97995a5","step":123,"threshold":0.6745}
[  113.44s] EVENT opus_floor_override {"lane":"agentic","score":0.3752,"shard_id":"agentic-records-002-1b1daec1287a","step":123,"threshold":0.6745}
[  114.61s] EVENT opus_floor_override {"lane":"indic","score":0.5239,"shard_id":"indic-stream-002-23467b6ff456","step":123,"threshold":0.6462}
[  114.61s] EVENT opus_floor_override {"lane":"reasoning","score":0.6185,"shard_id":"reasoning-records-002-00576ef33041","step":123,"threshold":0.6462}
[  114.62s] EVENT opus_floor_override {"lane":"agentic","score":0.3327,"shard_id":"agentic-records-003-9601fd19f6b0","step":123,"threshold":0.6462}
[  115.27s] EVENT opus_floor_override {"lane":"indic","score":0.4777,"shard_id":"indic-stream-002-23467b6ff456","step":124,"threshold":0.7596}
[  115.27s] EVENT opus_floor_override {"lane":"agentic","score":0.3313,"shard_id":"agentic-records-002-1b1daec1287a","step":124,"threshold":0.7596}
[  115.87s] EVENT opus_floor_override {"lane":"indic","score":0.4762,"shard_id":"indic-stream-002-23467b6ff456","step":124,"threshold":0.696}
[  115.87s] EVENT opus_floor_override {"lane":"reasoning","score":0.4801,"shard_id":"reasoning-records-000-1b7ece6a0e11","step":124,"threshold":0.696}
[  115.87s] EVENT opus_floor_override {"lane":"agentic","score":0.3711,"shard_id":"agentic-records-002-1b1daec1287a","step":124,"threshold":0.696}
[  116.45s] EVENT opus_floor_override {"lane":"indic","score":0.5143,"shard_id":"indic-stream-002-23467b6ff456","step":125,"threshold":0.8006}
[  116.46s] EVENT opus_floor_override {"lane":"indic","score":0.4039,"shard_id":"indic-stream-000-7a10be42da1f","step":125,"threshold":0.8006}
[  117.04s] EVENT opus_floor_override {"lane":"indic","score":0.5516,"shard_id":"indic-stream-002-23467b6ff456","step":125,"threshold":0.804}
[  117.04s] EVENT opus_floor_override {"lane":"indic","score":0.5252,"shard_id":"indic-stream-002-23467b6ff456","step":125,"threshold":0.804}
[  117.05s] EVENT opus_floor_override {"lane":"reasoning","score":0.6676,"shard_id":"reasoning-records-000-1b7ece6a0e11","step":125,"threshold":0.804}
[  117.67s] EVENT opus_floor_override {"lane":"indic","score":0.4374,"shard_id":"indic-stream-001-cf07c97995a5","step":126,"threshold":0.6185}
[  117.67s] EVENT opus_floor_override {"lane":"agentic","score":0.2601,"shard_id":"agentic-records-002-1b1daec1287a","step":126,"threshold":0.6185}
[  118.22s] EVENT opus_floor_override {"lane":"indic","score":0.5052,"shard_id":"indic-stream-002-23467b6ff456","step":126,"threshold":0.6711}
[  118.22s] EVENT opus_floor_override {"lane":"reasoning","score":0.6663,"shard_id":"reasoning-records-000-1b7ece6a0e11","step":126,"threshold":0.6711}
[  118.22s] EVENT opus_floor_override {"lane":"agentic","score":0.3177,"shard_id":"agentic-records-002-1b1daec1287a","step":126,"threshold":0.6711}
[  118.89s] EVENT opus_floor_override {"lane":"indic","score":0.5893,"shard_id":"indic-stream-000-7a10be42da1f","step":127,"threshold":0.8226}
[  118.89s] EVENT opus_floor_override {"lane":"indic","score":0.4853,"shard_id":"indic-stream-000-7a10be42da1f","step":127,"threshold":0.8226}
[  118.89s] EVENT opus_floor_override {"lane":"reasoning","score":0.728,"shard_id":"reasoning-records-001-2decf25c8be0","step":127,"threshold":0.8226}
[  119.56s] EVENT opus_floor_override {"lane":"indic","score":0.457,"shard_id":"indic-stream-000-7a10be42da1f","step":127,"threshold":0.8256}
[  119.56s] EVENT opus_floor_override {"lane":"indic","score":0.4186,"shard_id":"indic-stream-001-cf07c97995a5","step":127,"threshold":0.8256}
[  119.56s] EVENT opus_floor_override {"lane":"reasoning","score":0.6211,"shard_id":"reasoning-records-000-1b7ece6a0e11","step":127,"threshold":0.8256}
[  120.27s] EVENT opus_floor_override {"lane":"indic","score":0.3871,"shard_id":"indic-stream-002-23467b6ff456","step":128,"threshold":0.7245}
[  120.27s] EVENT opus_floor_override {"lane":"reasoning","score":0.7045,"shard_id":"reasoning-records-003-f5693dcadeac","step":128,"threshold":0.7245}
[  120.27s] EVENT opus_floor_override {"lane":"agentic","score":0.2845,"shard_id":"agentic-records-002-1b1daec1287a","step":128,"threshold":0.7245}
[  121.02s] EVENT opus_floor_override {"lane":"indic","score":0.4069,"shard_id":"indic-stream-001-cf07c97995a5","step":128,"threshold":0.7192}
[  121.02s] EVENT opus_floor_override {"lane":"reasoning","score":0.5903,"shard_id":"reasoning-records-000-1b7ece6a0e11","step":128,"threshold":0.7192}
[  121.02s] EVENT opus_floor_override {"lane":"agentic","score":0.3659,"shard_id":"agentic-records-002-1b1daec1287a","step":128,"threshold":0.7192}
[  121.74s] EVENT opus_floor_override {"lane":"indic","score":0.5297,"shard_id":"indic-stream-002-23467b6ff456","step":129,"threshold":0.5664}
[  121.74s] EVENT opus_floor_override {"lane":"indic","score":0.5058,"shard_id":"indic-stream-002-23467b6ff456","step":129,"threshold":0.5664}
[  121.74s] EVENT opus_floor_override {"lane":"agentic","score":0.2584,"shard_id":"agentic-records-003-9601fd19f6b0","step":129,"threshold":0.5664}
[  122.34s] EVENT opus_floor_override {"lane":"indic","score":0.4597,"shard_id":"indic-stream-001-cf07c97995a5","step":129,"threshold":0.5045}
[  122.34s] EVENT opus_floor_override {"lane":"indic","score":0.4468,"shard_id":"indic-stream-000-7a10be42da1f","step":129,"threshold":0.5045}
[  122.34s] EVENT opus_floor_override {"lane":"agentic","score":0.3322,"shard_id":"agentic-records-000-5e93975d7b4b","step":129,"threshold":0.5045}
[  123.16s] EVENT opus_floor_override {"lane":"indic","score":0.3946,"shard_id":"indic-stream-000-7a10be42da1f","step":130,"threshold":0.7969}
[  123.16s] EVENT opus_floor_override {"lane":"reasoning","score":0.727,"shard_id":"reasoning-records-000-1b7ece6a0e11","step":130,"threshold":0.7969}
[  123.16s] EVENT opus_floor_override {"lane":"reasoning","score":0.6612,"shard_id":"reasoning-records-000-1b7ece6a0e11","step":130,"threshold":0.7969}
[  124.05s] EVENT opus_floor_override {"lane":"indic","score":0.3335,"shard_id":"indic-stream-001-cf07c97995a5","step":130,"threshold":0.8477}
[  124.05s] EVENT opus_floor_override {"lane":"reasoning","score":0.7584,"shard_id":"reasoning-records-001-2decf25c8be0","step":130,"threshold":0.8477}
[  124.05s] EVENT opus_floor_override {"lane":"reasoning","score":0.661,"shard_id":"reasoning-records-001-2decf25c8be0","step":130,"threshold":0.8477}
[  124.82s] EVENT train_step {"loss":5.8942,"stage":"s2-capability","step":130}
[  124.83s] EVENT opus_floor_override {"lane":"indic","score":0.642,"shard_id":"indic-stream-002-23467b6ff456","step":131,"threshold":0.6622}
[  124.83s] EVENT opus_floor_override {"lane":"indic","score":0.5078,"shard_id":"indic-stream-002-23467b6ff456","step":131,"threshold":0.6622}
[  124.83s] EVENT opus_floor_override {"lane":"agentic","score":0.3464,"shard_id":"agentic-records-000-5e93975d7b4b","step":131,"threshold":0.6622}
[  125.49s] EVENT opus_floor_override {"lane":"indic","score":0.5176,"shard_id":"indic-stream-002-23467b6ff456","step":131,"threshold":0.5192}
[  125.49s] EVENT opus_floor_override {"lane":"reasoning","score":0.5159,"shard_id":"reasoning-records-001-2decf25c8be0","step":131,"threshold":0.5192}
[  125.49s] EVENT opus_floor_override {"lane":"agentic","score":0.3274,"shard_id":"agentic-records-003-9601fd19f6b0","step":131,"threshold":0.5192}
[  126.08s] EVENT opus_floor_override {"lane":"indic","score":0.4876,"shard_id":"indic-stream-000-7a10be42da1f","step":132,"threshold":0.7184}
[  126.08s] EVENT opus_floor_override {"lane":"reasoning","score":0.371,"shard_id":"reasoning-records-002-00576ef33041","step":132,"threshold":0.7184}
[  126.08s] EVENT opus_floor_override {"lane":"agentic","score":0.2686,"shard_id":"agentic-records-002-1b1daec1287a","step":132,"threshold":0.7184}
[  126.68s] EVENT opus_floor_override {"lane":"indic","score":0.5549,"shard_id":"indic-stream-002-23467b6ff456","step":132,"threshold":0.7983}
[  126.68s] EVENT opus_floor_override {"lane":"reasoning","score":0.6986,"shard_id":"reasoning-records-000-1b7ece6a0e11","step":132,"threshold":0.7983}
[  126.68s] EVENT opus_floor_override {"lane":"agentic","score":0.2794,"shard_id":"agentic-records-002-1b1daec1287a","step":132,"threshold":0.7983}
[  127.31s] EVENT opus_floor_override {"lane":"indic","score":0.4665,"shard_id":"indic-stream-002-23467b6ff456","step":133,"threshold":0.7948}
[  127.31s] EVENT opus_floor_override {"lane":"reasoning","score":0.5222,"shard_id":"reasoning-records-002-00576ef33041","step":133,"threshold":0.7948}
[  127.31s] EVENT opus_floor_override {"lane":"reasoning","score":0.4737,"shard_id":"reasoning-records-002-00576ef33041","step":133,"threshold":0.7948}
[  128.02s] EVENT opus_floor_override {"lane":"indic","score":0.5164,"shard_id":"indic-stream-000-7a10be42da1f","step":133,"threshold":0.7565}
[  128.02s] EVENT opus_floor_override {"lane":"reasoning","score":0.7462,"shard_id":"reasoning-records-002-00576ef33041","step":133,"threshold":0.7565}
[  128.02s] EVENT opus_floor_override {"lane":"reasoning","score":0.6983,"shard_id":"reasoning-records-003-f5693dcadeac","step":133,"threshold":0.7565}
[  129.13s] EVENT opus_floor_override {"lane":"indic","score":0.4227,"shard_id":"indic-stream-002-23467b6ff456","step":134,"threshold":0.4598}
[  129.13s] EVENT opus_floor_override {"lane":"indic","score":0.3375,"shard_id":"indic-stream-001-cf07c97995a5","step":134,"threshold":0.4598}
[  129.13s] EVENT opus_floor_override {"lane":"agentic","score":0.3266,"shard_id":"agentic-records-000-5e93975d7b4b","step":134,"threshold":0.4598}
[  129.94s] EVENT opus_floor_override {"lane":"indic","score":0.3686,"shard_id":"indic-stream-001-cf07c97995a5","step":134,"threshold":0.4258}
[  129.94s] EVENT opus_floor_override {"lane":"indic","score":0.3501,"shard_id":"indic-stream-002-23467b6ff456","step":134,"threshold":0.4258}
[  129.95s] EVENT opus_floor_override {"lane":"agentic","score":0.3166,"shard_id":"agentic-records-000-5e93975d7b4b","step":134,"threshold":0.4258}
[  130.85s] EVENT opus_floor_override {"lane":"indic","score":0.4132,"shard_id":"indic-stream-002-23467b6ff456","step":135,"threshold":0.7443}
[  130.85s] EVENT opus_floor_override {"lane":"reasoning","score":0.6436,"shard_id":"reasoning-records-001-2decf25c8be0","step":135,"threshold":0.7443}
[  130.85s] EVENT opus_floor_override {"lane":"agentic","score":0.3191,"shard_id":"agentic-records-001-0afd358d11c3","step":135,"threshold":0.7443}
[  131.69s] EVENT opus_floor_override {"lane":"indic","score":0.4179,"shard_id":"indic-stream-002-23467b6ff456","step":135,"threshold":0.7384}
[  131.69s] EVENT opus_floor_override {"lane":"agentic","score":0.36,"shard_id":"agentic-records-002-1b1daec1287a","step":135,"threshold":0.7384}
[  132.59s] EVENT opus_floor_override {"lane":"indic","score":0.5073,"shard_id":"indic-stream-002-23467b6ff456","step":136,"threshold":0.6035}
[  132.59s] EVENT opus_floor_override {"lane":"indic","score":0.4565,"shard_id":"indic-stream-003-7cb35a81775b","step":136,"threshold":0.6035}
[  132.60s] EVENT opus_floor_override {"lane":"reasoning","score":0.5445,"shard_id":"reasoning-records-000-1b7ece6a0e11","step":136,"threshold":0.6035}
[  133.63s] EVENT opus_floor_override {"lane":"indic","score":0.4295,"shard_id":"indic-stream-001-cf07c97995a5","step":136,"threshold":0.5016}
[  133.63s] EVENT opus_floor_override {"lane":"indic","score":0.3869,"shard_id":"indic-stream-003-7cb35a81775b","step":136,"threshold":0.5016}
[  133.63s] EVENT opus_floor_override {"lane":"reasoning","score":0.4999,"shard_id":"reasoning-records-003-f5693dcadeac","step":136,"threshold":0.5016}
[  134.33s] EVENT opus_floor_override {"lane":"indic","score":0.4759,"shard_id":"indic-stream-003-7cb35a81775b","step":137,"threshold":0.5543}
[  134.33s] EVENT opus_floor_override {"lane":"reasoning","score":0.5463,"shard_id":"reasoning-records-001-2decf25c8be0","step":137,"threshold":0.5543}
[  134.33s] EVENT opus_floor_override {"lane":"agentic","score":0.2744,"shard_id":"agentic-records-000-5e93975d7b4b","step":137,"threshold":0.5543}
[  134.92s] EVENT opus_floor_override {"lane":"indic","score":0.4481,"shard_id":"indic-stream-003-7cb35a81775b","step":137,"threshold":0.6108}
[  134.92s] EVENT opus_floor_override {"lane":"indic","score":0.4061,"shard_id":"indic-stream-001-cf07c97995a5","step":137,"threshold":0.6108}
[  134.92s] EVENT opus_floor_override {"lane":"agentic","score":0.2735,"shard_id":"agentic-records-002-1b1daec1287a","step":137,"threshold":0.6108}
[  135.53s] EVENT opus_floor_override {"lane":"agentic","score":0.2482,"shard_id":"agentic-records-002-1b1daec1287a","step":138,"threshold":0.4994}
[  136.10s] EVENT opus_floor_override {"lane":"agentic","score":0.3098,"shard_id":"agentic-records-002-1b1daec1287a","step":138,"threshold":0.5029}
[  136.67s] EVENT opus_floor_override {"lane":"indic","score":0.4162,"shard_id":"indic-stream-002-23467b6ff456","step":139,"threshold":0.5573}
[  136.67s] EVENT opus_floor_override {"lane":"reasoning","score":0.4922,"shard_id":"reasoning-records-001-2decf25c8be0","step":139,"threshold":0.5573}
[  136.67s] EVENT opus_floor_override {"lane":"agentic","score":0.278,"shard_id":"agentic-records-003-9601fd19f6b0","step":139,"threshold":0.5573}
[  137.24s] EVENT opus_floor_override {"lane":"indic","score":0.376,"shard_id":"indic-stream-000-7a10be42da1f","step":139,"threshold":0.669}
[  137.24s] EVENT opus_floor_override {"lane":"reasoning","score":0.6341,"shard_id":"reasoning-records-001-2decf25c8be0","step":139,"threshold":0.669}
[  137.24s] EVENT opus_floor_override {"lane":"agentic","score":0.337,"shard_id":"agentic-records-000-5e93975d7b4b","step":139,"threshold":0.669}
[  137.85s] EVENT opus_floor_override {"lane":"agentic","score":0.3359,"shard_id":"agentic-records-000-5e93975d7b4b","step":140,"threshold":0.4715}
[  138.54s] EVENT opus_floor_override {"lane":"indic","score":0.5007,"shard_id":"indic-stream-002-23467b6ff456","step":140,"threshold":0.5185}
[  138.54s] EVENT opus_floor_override {"lane":"agentic","score":0.2634,"shard_id":"agentic-records-003-9601fd19f6b0","step":140,"threshold":0.5185}
[  139.12s] EVENT train_step {"loss":5.9209,"stage":"s4-anneal","step":140}
[  139.13s] EVENT opus_floor_override {"lane":"agentic","score":0.3348,"shard_id":"agentic-records-000-5e93975d7b4b","step":141,"threshold":0.4177}
[  139.73s] EVENT opus_floor_override {"lane":"agentic","score":0.3313,"shard_id":"agentic-records-001-0afd358d11c3","step":141,"threshold":0.3947}
[  140.33s] EVENT opus_floor_override {"lane":"agentic","score":0.2665,"shard_id":"agentic-records-000-5e93975d7b4b","step":142,"threshold":0.3224}
[  140.89s] EVENT opus_floor_override {"lane":"agentic","score":0.2576,"shard_id":"agentic-records-003-9601fd19f6b0","step":142,"threshold":0.4014}
[  141.47s] EVENT opus_floor_override {"lane":"indic","score":0.4597,"shard_id":"indic-stream-001-cf07c97995a5","step":143,"threshold":0.4776}
[  141.47s] EVENT opus_floor_override {"lane":"agentic","score":0.3115,"shard_id":"agentic-records-001-0afd358d11c3","step":143,"threshold":0.4776}
[  142.05s] EVENT opus_floor_override {"lane":"indic","score":0.3754,"shard_id":"indic-stream-002-23467b6ff456","step":143,"threshold":0.5242}
[  142.05s] EVENT opus_floor_override {"lane":"agentic","score":0.2654,"shard_id":"agentic-records-004-ed0e198d7180","step":143,"threshold":0.5242}
[  142.95s] EVENT opus_floor_override {"lane":"indic","score":0.4942,"shard_id":"indic-stream-003-7cb35a81775b","step":144,"threshold":0.4967}
[  142.95s] EVENT opus_floor_override {"lane":"agentic","score":0.3127,"shard_id":"agentic-records-003-9601fd19f6b0","step":144,"threshold":0.4967}
[  143.63s] EVENT opus_floor_override {"lane":"indic","score":0.4274,"shard_id":"indic-stream-000-7a10be42da1f","step":144,"threshold":0.4671}
[  143.63s] EVENT opus_floor_override {"lane":"agentic","score":0.2631,"shard_id":"agentic-records-004-ed0e198d7180","step":144,"threshold":0.4671}
[  144.32s] EVENT opus_floor_override {"lane":"indic","score":0.4929,"shard_id":"indic-stream-002-23467b6ff456","step":145,"threshold":0.5237}
[  144.32s] EVENT opus_floor_override {"lane":"indic","score":0.4355,"shard_id":"indic-stream-003-7cb35a81775b","step":145,"threshold":0.5237}
[  144.32s] EVENT opus_floor_override {"lane":"indic","score":0.4033,"shard_id":"indic-stream-003-7cb35a81775b","step":145,"threshold":0.5237}
[  145.08s] EVENT opus_floor_override {"lane":"indic","score":0.4624,"shard_id":"indic-stream-003-7cb35a81775b","step":145,"threshold":0.4802}
[  145.08s] EVENT opus_floor_override {"lane":"indic","score":0.3962,"shard_id":"indic-stream-000-7a10be42da1f","step":145,"threshold":0.4802}
[  145.85s] EVENT opus_floor_override {"lane":"indic","score":0.4186,"shard_id":"indic-stream-002-23467b6ff456","step":146,"threshold":0.4312}
[  145.85s] EVENT opus_floor_override {"lane":"agentic","score":0.3091,"shard_id":"agentic-records-001-0afd358d11c3","step":146,"threshold":0.4312}
[  146.60s] EVENT opus_floor_override {"lane":"agentic","score":0.3483,"shard_id":"agentic-records-002-1b1daec1287a","step":146,"threshold":0.4755}
[  147.35s] EVENT opus_floor_override {"lane":"indic","score":0.4241,"shard_id":"indic-stream-001-cf07c97995a5","step":147,"threshold":0.4281}
[  147.35s] EVENT opus_floor_override {"lane":"agentic","score":0.3176,"shard_id":"agentic-records-001-0afd358d11c3","step":147,"threshold":0.4281}
[  148.09s] EVENT opus_floor_override {"lane":"indic","score":0.4824,"shard_id":"indic-stream-003-7cb35a81775b","step":147,"threshold":0.5231}
[  148.09s] EVENT opus_floor_override {"lane":"indic","score":0.4548,"shard_id":"indic-stream-002-23467b6ff456","step":147,"threshold":0.5231}
[  148.09s] EVENT opus_floor_override {"lane":"agentic","score":0.3006,"shard_id":"agentic-records-002-1b1daec1287a","step":147,"threshold":0.5231}
[  148.71s] EVENT opus_floor_override {"lane":"agentic","score":0.3465,"shard_id":"agentic-records-002-1b1daec1287a","step":148,"threshold":0.3529}
[  149.29s] EVENT opus_floor_override {"lane":"agentic","score":0.2341,"shard_id":"agentic-records-000-5e93975d7b4b","step":148,"threshold":0.4285}
[  149.89s] EVENT opus_floor_override {"lane":"agentic","score":0.301,"shard_id":"agentic-records-000-5e93975d7b4b","step":149,"threshold":0.407}
[  150.45s] EVENT opus_floor_override {"lane":"agentic","score":0.2934,"shard_id":"agentic-records-004-ed0e198d7180","step":149,"threshold":0.4338}
[  151.21s] EVENT opus_floor_override {"lane":"indic","score":0.4364,"shard_id":"indic-stream-001-cf07c97995a5","step":150,"threshold":0.537}
[  151.22s] EVENT opus_floor_override {"lane":"indic","score":0.4296,"shard_id":"indic-stream-001-cf07c97995a5","step":150,"threshold":0.537}
[  151.22s] EVENT opus_floor_override {"lane":"agentic","score":0.2727,"shard_id":"agentic-records-004-ed0e198d7180","step":150,"threshold":0.537}
[  152.21s] EVENT opus_floor_override {"lane":"indic","score":0.4036,"shard_id":"indic-stream-003-7cb35a81775b","step":150,"threshold":0.434}
[  152.22s] EVENT opus_floor_override {"lane":"agentic","score":0.2262,"shard_id":"agentic-records-004-ed0e198d7180","step":150,"threshold":0.434}
[  153.26s] EVENT train_step {"loss":5.886,"stage":"s4-anneal","step":150}
[PASS] checkpoint_saved {"checkpoint_id":"ckpt_main_step00150","consumption_offset":302,"step":150}
[  153.35s] EVENT opus_floor_override {"lane":"indic","score":0.4395,"shard_id":"indic-stream-003-7cb35a81775b","step":151,"threshold":0.4917}
[  153.35s] EVENT opus_floor_override {"lane":"agentic","score":0.2719,"shard_id":"agentic-records-004-ed0e198d7180","step":151,"threshold":0.4917}
[  153.91s] EVENT opus_floor_override {"lane":"agentic","score":0.2355,"shard_id":"agentic-records-003-9601fd19f6b0","step":151,"threshold":0.4583}
[  154.72s] EVENT opus_floor_override {"lane":"indic","score":0.5614,"shard_id":"indic-stream-003-7cb35a81775b","step":152,"threshold":0.5626}
[  154.72s] EVENT opus_floor_override {"lane":"agentic","score":0.3432,"shard_id":"agentic-records-002-1b1daec1287a","step":152,"threshold":0.5626}
[  155.85s] EVENT opus_floor_override {"lane":"indic","score":0.4742,"shard_id":"indic-stream-003-7cb35a81775b","step":152,"threshold":0.5041}
[  155.85s] EVENT opus_floor_override {"lane":"indic","score":0.4363,"shard_id":"indic-stream-001-cf07c97995a5","step":152,"threshold":0.5041}
[  155.86s] EVENT opus_floor_override {"lane":"agentic","score":0.3547,"shard_id":"agentic-records-001-0afd358d11c3","step":152,"threshold":0.5041}
[  156.49s] EVENT opus_floor_override {"lane":"agentic","score":0.3127,"shard_id":"agentic-records-001-0afd358d11c3","step":153,"threshold":0.3398}
[  157.37s] EVENT opus_floor_override {"lane":"agentic","score":0.3027,"shard_id":"agentic-records-001-0afd358d11c3","step":153,"threshold":0.3913}
[  158.15s] EVENT opus_floor_override {"lane":"agentic","score":0.2895,"shard_id":"agentic-records-004-ed0e198d7180","step":154,"threshold":0.3924}
[  159.30s] EVENT opus_floor_override {"lane":"agentic","score":0.2575,"shard_id":"agentic-records-002-1b1daec1287a","step":154,"threshold":0.3813}
[  160.03s] EVENT opus_floor_override {"lane":"indic","score":0.4025,"shard_id":"indic-stream-000-7a10be42da1f","step":155,"threshold":0.4809}
[  160.03s] EVENT opus_floor_override {"lane":"agentic","score":0.2325,"shard_id":"agentic-records-003-9601fd19f6b0","step":155,"threshold":0.4809}
[  160.65s] EVENT opus_floor_override {"lane":"indic","score":0.4174,"shard_id":"indic-stream-000-7a10be42da1f","step":155,"threshold":0.4334}
[  160.65s] EVENT opus_floor_override {"lane":"agentic","score":0.2844,"shard_id":"agentic-records-002-1b1daec1287a","step":155,"threshold":0.4334}
[  161.30s] EVENT opus_floor_override {"lane":"agentic","score":0.3106,"shard_id":"agentic-records-001-0afd358d11c3","step":156,"threshold":0.358}
[  162.02s] EVENT opus_floor_override {"lane":"agentic","score":0.2951,"shard_id":"agentic-records-000-5e93975d7b4b","step":156,"threshold":0.3647}
[  162.68s] EVENT opus_floor_override {"lane":"indic","score":0.296,"shard_id":"indic-stream-000-7a10be42da1f","step":157,"threshold":0.423}
[  162.68s] EVENT opus_floor_override {"lane":"indic","score":0.2798,"shard_id":"indic-stream-000-7a10be42da1f","step":157,"threshold":0.423}
[  162.68s] EVENT opus_floor_override {"lane":"agentic","score":0.2526,"shard_id":"agentic-records-004-ed0e198d7180","step":157,"threshold":0.423}
[  163.32s] EVENT opus_floor_override {"lane":"agentic","score":0.254,"shard_id":"agentic-records-000-5e93975d7b4b","step":157,"threshold":0.4557}
[  164.60s] EVENT opus_floor_override {"lane":"indic","score":0.371,"shard_id":"indic-stream-003-7cb35a81775b","step":158,"threshold":0.3815}
[  164.60s] EVENT opus_floor_override {"lane":"agentic","score":0.2924,"shard_id":"agentic-records-002-1b1daec1287a","step":158,"threshold":0.3815}
[  165.18s] EVENT opus_floor_override {"lane":"indic","score":0.3775,"shard_id":"indic-stream-003-7cb35a81775b","step":159,"threshold":0.4705}
[  165.18s] EVENT opus_floor_override {"lane":"agentic","score":0.3236,"shard_id":"agentic-records-004-ed0e198d7180","step":159,"threshold":0.4705}
[  165.76s] EVENT opus_floor_override {"lane":"agentic","score":0.3058,"shard_id":"agentic-records-002-1b1daec1287a","step":159,"threshold":0.3682}
[  421.66s] EVENT child_exited {"returncode":0}
[PASS] resume_next_batch_matched {"duplicate_microbatches":0,"expected":"2bf8bad2184e8f2e","observed":"2bf8bad2184e8f2e","records_for_that_microbatch":1}

==============================================================================
== REPLAY
==============================================================================
[  421.76s] EVENT opus_floor_override {"lane":"indic","score":0.5668,"shard_id":"indic-stream-002-23467b6ff456","step":40,"threshold":0.8667}
[  421.76s] EVENT opus_floor_override {"lane":"reasoning","score":0.6568,"shard_id":"reasoning-records-002-00576ef33041","step":40,"threshold":0.8667}
[  421.77s] EVENT opus_floor_override {"lane":"indic","score":0.395,"shard_id":"indic-stream-002-23467b6ff456","step":40,"threshold":0.8732}
[  421.77s] EVENT opus_floor_override {"lane":"reasoning","score":0.8207,"shard_id":"reasoning-records-001-2decf25c8be0","step":40,"threshold":0.8732}
[  421.78s] EVENT opus_floor_override {"lane":"indic","score":0.5386,"shard_id":"indic-stream-002-23467b6ff456","step":41,"threshold":0.8357}
[  421.78s] EVENT opus_floor_override {"lane":"indic","score":0.5289,"shard_id":"indic-stream-001-cf07c97995a5","step":41,"threshold":0.8357}
[  421.79s] EVENT opus_floor_override {"lane":"indic","score":0.5579,"shard_id":"indic-stream-001-cf07c97995a5","step":41,"threshold":0.8137}
[  421.79s] EVENT opus_floor_override {"lane":"indic","score":0.5085,"shard_id":"indic-stream-001-cf07c97995a5","step":41,"threshold":0.8137}
[  421.79s] EVENT opus_floor_override {"lane":"reasoning","score":0.6921,"shard_id":"reasoning-records-000-1b7ece6a0e11","step":41,"threshold":0.8137}
[  421.81s] EVENT opus_floor_override {"lane":"indic","score":0.5384,"shard_id":"indic-stream-001-cf07c97995a5","step":42,"threshold":0.9044}
[  421.81s] EVENT opus_floor_override {"lane":"agentic","score":0.4111,"shard_id":"agentic-records-000-5e93975d7b4b","step":42,"threshold":0.9044}
[  421.82s] EVENT opus_floor_override {"lane":"indic","score":0.4964,"shard_id":"indic-stream-002-23467b6ff456","step":42,"threshold":0.8106}
[  421.82s] EVENT opus_floor_override {"lane":"agentic","score":0.4296,"shard_id":"agentic-records-002-1b1daec1287a","step":42,"threshold":0.8106}
[  421.84s] EVENT opus_floor_override {"lane":"indic","score":0.6515,"shard_id":"indic-stream-002-23467b6ff456","step":43,"threshold":0.8864}
[  421.84s] EVENT opus_floor_override {"lane":"reasoning","score":0.7528,"shard_id":"reasoning-records-000-1b7ece6a0e11","step":43,"threshold":0.8864}
[  421.84s] EVENT opus_floor_override {"lane":"indic","score":0.5554,"shard_id":"indic-stream-000-7a10be42da1f","step":43,"threshold":0.8067}
[  421.84s] EVENT opus_floor_override {"lane":"reasoning","score":0.7652,"shard_id":"reasoning-records-000-1b7ece6a0e11","step":43,"threshold":0.8067}
[  421.85s] EVENT opus_floor_override {"lane":"indic","score":0.5944,"shard_id":"indic-stream-002-23467b6ff456","step":44,"threshold":0.8801}
[  421.85s] EVENT opus_floor_override {"lane":"indic","score":0.3908,"shard_id":"indic-stream-002-23467b6ff456","step":44,"threshold":0.8801}
[  421.85s] EVENT opus_floor_override {"lane":"reasoning","score":0.4563,"shard_id":"reasoning-records-001-2decf25c8be0","step":44,"threshold":0.8801}
[  421.86s] EVENT opus_floor_override {"lane":"indic","score":0.5753,"shard_id":"indic-stream-001-cf07c97995a5","step":44,"threshold":0.8627}
[  421.86s] EVENT opus_floor_override {"lane":"indic","score":0.4419,"shard_id":"indic-stream-002-23467b6ff456","step":44,"threshold":0.8627}
[  421.86s] EVENT opus_floor_override {"lane":"reasoning","score":0.682,"shard_id":"reasoning-records-001-2decf25c8be0","step":44,"threshold":0.8627}
[  421.87s] EVENT opus_floor_override {"lane":"indic","score":0.5896,"shard_id":"indic-stream-002-23467b6ff456","step":45,"threshold":0.7715}
[  421.87s] EVENT opus_floor_override {"lane":"reasoning","score":0.6744,"shard_id":"reasoning-records-002-00576ef33041","step":45,"threshold":0.7715}
[  421.87s] EVENT opus_floor_override {"lane":"agentic","score":0.4015,"shard_id":"agentic-records-001-0afd358d11c3","step":45,"threshold":0.7715}
[  421.88s] EVENT opus_floor_override {"lane":"indic","score":0.4317,"shard_id":"indic-stream-000-7a10be42da1f","step":45,"threshold":0.7967}
[  421.88s] EVENT opus_floor_override {"lane":"reasoning","score":0.7262,"shard_id":"reasoning-records-000-1b7ece6a0e11","step":45,"threshold":0.7967}
[  421.88s] EVENT opus_floor_override {"lane":"agentic","score":0.3337,"shard_id":"agentic-records-001-0afd358d11c3","step":45,"threshold":0.7967}
[  421.89s] EVENT opus_floor_override {"lane":"indic","score":0.7017,"shard_id":"indic-stream-002-23467b6ff456","step":46,"threshold":0.901}
[  421.89s] EVENT opus_floor_override {"lane":"reasoning","score":0.7131,"shard_id":"reasoning-records-002-00576ef33041","step":46,"threshold":0.901}
[  421.90s] EVENT opus_floor_override {"lane":"indic","score":0.449,"shard_id":"indic-stream-001-cf07c97995a5","step":46,"threshold":0.9138}
[  421.90s] EVENT opus_floor_override {"lane":"reasoning","score":0.7152,"shard_id":"reasoning-records-001-2decf25c8be0","step":46,"threshold":0.9138}
[  421.90s] EVENT opus_floor_override {"lane":"indic","score":0.5649,"shard_id":"indic-stream-002-23467b6ff456","step":47,"threshold":0.9255}
[  421.91s] EVENT opus_floor_override {"lane":"indic","score":0.4259,"shard_id":"indic-stream-000-7a10be42da1f","step":47,"threshold":0.9255}
[  421.91s] EVENT opus_floor_override {"lane":"indic","score":0.6928,"shard_id":"indic-stream-002-23467b6ff456","step":47,"threshold":0.931}
[  421.91s] EVENT opus_floor_override {"lane":"indic","score":0.6156,"shard_id":"indic-stream-000-7a10be42da1f","step":47,"threshold":0.931}
[  421.92s] EVENT opus_floor_override {"lane":"indic","score":0.4,"shard_id":"indic-stream-002-23467b6ff456","step":48,"threshold":0.8839}
[  421.92s] EVENT opus_floor_override {"lane":"reasoning","score":0.5526,"shard_id":"reasoning-records-003-f5693dcadeac","step":48,"threshold":0.8839}
[  421.92s] EVENT opus_floor_override {"lane":"agentic","score":0.3899,"shard_id":"agentic-records-003-9601fd19f6b0","step":48,"threshold":0.8839}
[  421.93s] EVENT opus_floor_override {"lane":"indic","score":0.6014,"shard_id":"indic-stream-002-23467b6ff456","step":48,"threshold":0.8858}
[  421.93s] EVENT opus_floor_override {"lane":"agentic","score":0.4325,"shard_id":"agentic-records-002-1b1daec1287a","step":48,"threshold":0.8858}
[  421.94s] EVENT opus_floor_override {"lane":"indic","score":0.598,"shard_id":"indic-stream-002-23467b6ff456","step":49,"threshold":0.829}
[  421.94s] EVENT opus_floor_override {"lane":"reasoning","score":0.596,"shard_id":"reasoning-records-001-2decf25c8be0","step":49,"threshold":0.829}
[  421.94s] EVENT opus_floor_override {"lane":"indic","score":0.5551,"shard_id":"indic-stream-002-23467b6ff456","step":49,"threshold":0.9107}
[  421.94s] EVENT opus_floor_override {"lane":"reasoning","score":0.5312,"shard_id":"reasoning-records-002-00576ef33041","step":49,"threshold":0.9107}
[  421.95s] EVENT opus_floor_override {"lane":"indic","score":0.511,"shard_id":"indic-stream-002-23467b6ff456","step":50,"threshold":0.9128}
[  421.95s] EVENT opus_floor_override {"lane":"reasoning","score":0.8676,"shard_id":"reasoning-records-002-00576ef33041","step":50,"threshold":0.9128}
[  421.97s] EVENT opus_floor_override {"lane":"indic","score":0.5491,"shard_id":"indic-stream-002-23467b6ff456","step":50,"threshold":0.8127}
[  421.97s] EVENT opus_floor_override {"lane":"reasoning","score":0.7282,"shard_id":"reasoning-records-000-1b7ece6a0e11","step":50,"threshold":0.8127}
[  421.98s] EVENT opus_floor_override {"lane":"indic","score":0.5666,"shard_id":"indic-stream-002-23467b6ff456","step":51,"threshold":0.843}
[  421.98s] EVENT opus_floor_override {"lane":"reasoning","score":0.7692,"shard_id":"reasoning-records-003-f5693dcadeac","step":51,"threshold":0.843}
[  421.98s] EVENT opus_floor_override {"lane":"agentic","score":0.3942,"shard_id":"agentic-records-001-0afd358d11c3","step":51,"threshold":0.843}
[  421.99s] EVENT opus_floor_override {"lane":"indic","score":0.361,"shard_id":"indic-stream-001-cf07c97995a5","step":51,"threshold":0.8824}
[  421.99s] EVENT opus_floor_override {"lane":"reasoning","score":0.4917,"shard_id":"reasoning-records-003-f5693dcadeac","step":51,"threshold":0.8824}
[  421.99s] EVENT opus_floor_override {"lane":"agentic","score":0.4149,"shard_id":"agentic-records-000-5e93975d7b4b","step":51,"threshold":0.8824}
[  422.00s] EVENT opus_floor_override {"lane":"indic","score":0.4695,"shard_id":"indic-stream-000-7a10be42da1f","step":52,"threshold":0.9518}
[  422.00s] EVENT opus_floor_override {"lane":"indic","score":0.4112,"shard_id":"indic-stream-001-cf07c97995a5","step":52,"threshold":0.9518}
[  422.00s] EVENT opus_floor_override {"lane":"indic","score":0.4746,"shard_id":"indic-stream-001-cf07c97995a5","step":52,"threshold":0.917}
[  422.00s] EVENT opus_floor_override {"lane":"indic","score":0.4294,"shard_id":"indic-stream-002-23467b6ff456","step":52,"threshold":0.917}
[  422.01s] EVENT opus_floor_override {"lane":"indic","score":0.3659,"shard_id":"indic-stream-001-cf07c97995a5","step":53,"threshold":0.8986}
[  422.01s] EVENT opus_floor_override {"lane":"reasoning","score":0.6554,"shard_id":"reasoning-records-000-1b7ece6a0e11","step":53,"threshold":0.8986}
[  422.02s] EVENT opus_floor_override {"lane":"indic","score":0.4764,"shard_id":"indic-stream-001-cf07c97995a5","step":53,"threshold":0.9303}
[  422.03s] EVENT opus_floor_override {"lane":"indic","score":0.5624,"shard_id":"indic-stream-002-23467b6ff456","step":54,"threshold":0.8539}
[  422.03s] EVENT opus_floor_override {"lane":"reasoning","score":0.4474,"shard_id":"reasoning-records-002-00576ef33041","step":54,"threshold":0.8539}
[  422.03s] EVENT opus_floor_override {"lane":"agentic","score":0.3408,"shard_id":"agentic-records-001-0afd358d11c3","step":54,"threshold":0.8539}
[  422.04s] EVENT opus_floor_override {"lane":"indic","score":0.4045,"shard_id":"indic-stream-000-7a10be42da1f","step":54,"threshold":0.863}
[  422.04s] EVENT opus_floor_override {"lane":"reasoning","score":0.3692,"shard_id":"reasoning-records-003-f5693dcadeac","step":54,"threshold":0.863}
[  422.04s] EVENT opus_floor_override {"lane":"agentic","score":0.412,"shard_id":"agentic-records-001-0afd358d11c3","step":54,"threshold":0.863}
[PASS] replay_hash_matched {"compared":30,"hash_matched":30,"span_matched":30}

==============================================================================
== FORK
==============================================================================
[  422.06s] EVENT fork_requested {"child_branch":"branch-b","from_checkpoint_step":120,"parent_branch":"main"}
[    3.74s] EVENT checkpoint_restored {"branch":"main","checkpoint_id":"ckpt_main_step00120","consumption_offset":242,"step":120}
[    3.74s] EVENT fork_created {"child_branch":"branch-b","forked_at_step":120,"note":"same weights, new branch id, separate ledger","parent_branch":"main"}
[    3.77s] EVENT opus_floor_override {"lane":"indic","score":0.6559,"shard_id":"indic-stream-002-23467b6ff456","step":121,"threshold":0.6771}
[    3.77s] EVENT opus_floor_override {"lane":"indic","score":0.4723,"shard_id":"indic-stream-002-23467b6ff456","step":121,"threshold":0.6771}
[    3.77s] EVENT opus_floor_override {"lane":"agentic","score":0.3327,"shard_id":"agentic-records-000-5e93975d7b4b","step":121,"threshold":0.6771}
[    4.26s] EVENT opus_floor_override {"lane":"indic","score":0.5247,"shard_id":"indic-stream-002-23467b6ff456","step":121,"threshold":0.5918}
[    4.26s] EVENT opus_floor_override {"lane":"indic","score":0.3826,"shard_id":"indic-stream-002-23467b6ff456","step":121,"threshold":0.5918}
[    4.26s] EVENT opus_floor_override {"lane":"agentic","score":0.3751,"shard_id":"agentic-records-002-1b1daec1287a","step":121,"threshold":0.5918}
[    4.82s] EVENT opus_floor_override {"lane":"indic","score":0.5744,"shard_id":"indic-stream-002-23467b6ff456","step":122,"threshold":0.7715}
[    4.82s] EVENT opus_floor_override {"lane":"indic","score":0.3662,"shard_id":"indic-stream-001-cf07c97995a5","step":122,"threshold":0.7715}
[    4.82s] EVENT opus_floor_override {"lane":"reasoning","score":0.5362,"shard_id":"reasoning-records-000-1b7ece6a0e11","step":122,"threshold":0.7715}
[    5.42s] EVENT opus_floor_override {"lane":"indic","score":0.5219,"shard_id":"indic-stream-002-23467b6ff456","step":122,"threshold":0.7563}
[    5.42s] EVENT opus_floor_override {"lane":"indic","score":0.3763,"shard_id":"indic-stream-000-7a10be42da1f","step":122,"threshold":0.7563}
[    5.42s] EVENT opus_floor_override {"lane":"reasoning","score":0.6552,"shard_id":"reasoning-records-001-2decf25c8be0","step":122,"threshold":0.7563}
[    6.03s] EVENT opus_floor_override {"lane":"indic","score":0.3429,"shard_id":"indic-stream-001-cf07c97995a5","step":123,"threshold":0.5477}
[    6.03s] EVENT opus_floor_override {"lane":"reasoning","score":0.5384,"shard_id":"reasoning-records-001-2decf25c8be0","step":123,"threshold":0.5477}
[    6.04s] EVENT opus_floor_override {"lane":"agentic","score":0.3532,"shard_id":"agentic-records-001-0afd358d11c3","step":123,"threshold":0.5477}
[    6.59s] EVENT opus_floor_override {"lane":"indic","score":0.3769,"shard_id":"indic-stream-002-23467b6ff456","step":123,"threshold":0.5657}
[    6.59s] EVENT opus_floor_override {"lane":"reasoning","score":0.5349,"shard_id":"reasoning-records-000-1b7ece6a0e11","step":123,"threshold":0.5657}
[    6.59s] EVENT opus_floor_override {"lane":"agentic","score":0.291,"shard_id":"agentic-records-002-1b1daec1287a","step":123,"threshold":0.5657}
[    7.06s] EVENT opus_floor_override {"lane":"indic","score":0.3736,"shard_id":"indic-stream-001-cf07c97995a5","step":124,"threshold":0.7635}
[    7.06s] EVENT opus_floor_override {"lane":"agentic","score":0.3341,"shard_id":"agentic-records-001-0afd358d11c3","step":124,"threshold":0.7635}
[    7.54s] EVENT opus_floor_override {"lane":"indic","score":0.349,"shard_id":"indic-stream-002-23467b6ff456","step":124,"threshold":0.7775}
[    7.54s] EVENT opus_floor_override {"lane":"reasoning","score":0.6724,"shard_id":"reasoning-records-000-1b7ece6a0e11","step":124,"threshold":0.7775}
[    7.54s] EVENT opus_floor_override {"lane":"agentic","score":0.3364,"shard_id":"agentic-records-003-9601fd19f6b0","step":124,"threshold":0.7775}
[    8.13s] EVENT opus_floor_override {"lane":"indic","score":0.4543,"shard_id":"indic-stream-001-cf07c97995a5","step":125,"threshold":0.7216}
[    8.13s] EVENT opus_floor_override {"lane":"indic","score":0.434,"shard_id":"indic-stream-000-7a10be42da1f","step":125,"threshold":0.7216}
[    8.13s] EVENT opus_floor_override {"lane":"reasoning","score":0.6674,"shard_id":"reasoning-records-001-2decf25c8be0","step":125,"threshold":0.7216}
[    8.91s] EVENT opus_floor_override {"lane":"indic","score":0.6429,"shard_id":"indic-stream-000-7a10be42da1f","step":125,"threshold":0.6967}
[    8.91s] EVENT opus_floor_override {"lane":"indic","score":0.4631,"shard_id":"indic-stream-001-cf07c97995a5","step":125,"threshold":0.6967}
[    8.91s] EVENT opus_floor_override {"lane":"reasoning","score":0.6512,"shard_id":"reasoning-records-001-2decf25c8be0","step":125,"threshold":0.6967}
[    9.50s] EVENT opus_floor_override {"lane":"indic","score":0.2679,"shard_id":"indic-stream-001-cf07c97995a5","step":126,"threshold":0.5786}
[    9.51s] EVENT opus_floor_override {"lane":"agentic","score":0.3245,"shard_id":"agentic-records-002-1b1daec1287a","step":126,"threshold":0.5786}
[   10.20s] EVENT opus_floor_override {"lane":"indic","score":0.4778,"shard_id":"indic-stream-001-cf07c97995a5","step":126,"threshold":0.5673}
[   10.20s] EVENT opus_floor_override {"lane":"agentic","score":0.3685,"shard_id":"agentic-records-002-1b1daec1287a","step":126,"threshold":0.5673}
[  444.93s] EVENT fork_child_exited {"returncode":0}
[  444.98s] EVENT opus_floor_override {"lane":"indic","score":0.5863,"shard_id":"indic-stream-002-23467b6ff456","step":121,"threshold":0.591}
[  445.01s] EVENT opus_floor_override {"lane":"indic","score":0.5161,"shard_id":"indic-stream-001-cf07c97995a5","step":121,"threshold":0.591}
[  445.01s] EVENT opus_floor_override {"lane":"agentic","score":0.3208,"shard_id":"agentic-records-002-1b1daec1287a","step":121,"threshold":0.591}
[  445.08s] EVENT opus_floor_override {"lane":"indic","score":0.6559,"shard_id":"indic-stream-002-23467b6ff456","step":121,"threshold":0.6771}
[  445.08s] EVENT opus_floor_override {"lane":"indic","score":0.4723,"shard_id":"indic-stream-002-23467b6ff456","step":121,"threshold":0.6771}
[  445.08s] EVENT opus_floor_override {"lane":"agentic","score":0.3327,"shard_id":"agentic-records-000-5e93975d7b4b","step":121,"threshold":0.6771}
[  445.11s] EVENT opus_floor_override {"lane":"indic","score":0.4581,"shard_id":"indic-stream-001-cf07c97995a5","step":123,"threshold":0.6745}
[  445.11s] EVENT opus_floor_override {"lane":"agentic","score":0.3752,"shard_id":"agentic-records-002-1b1daec1287a","step":123,"threshold":0.6745}
[  445.16s] EVENT opus_floor_override {"lane":"indic","score":0.3429,"shard_id":"indic-stream-001-cf07c97995a5","step":123,"threshold":0.5477}
[  445.16s] EVENT opus_floor_override {"lane":"reasoning","score":0.5384,"shard_id":"reasoning-records-001-2decf25c8be0","step":123,"threshold":0.5477}
[  445.16s] EVENT opus_floor_override {"lane":"agentic","score":0.3532,"shard_id":"agentic-records-001-0afd358d11c3","step":123,"threshold":0.5477}
[  445.17s] EVENT opus_floor_override {"lane":"indic","score":0.5143,"shard_id":"indic-stream-002-23467b6ff456","step":125,"threshold":0.8006}
[  445.17s] EVENT opus_floor_override {"lane":"indic","score":0.4039,"shard_id":"indic-stream-000-7a10be42da1f","step":125,"threshold":0.8006}
[  445.18s] EVENT opus_floor_override {"lane":"indic","score":0.4543,"shard_id":"indic-stream-001-cf07c97995a5","step":125,"threshold":0.7216}
[  445.18s] EVENT opus_floor_override {"lane":"indic","score":0.434,"shard_id":"indic-stream-000-7a10be42da1f","step":125,"threshold":0.7216}
[  445.18s] EVENT opus_floor_override {"lane":"reasoning","score":0.6674,"shard_id":"reasoning-records-001-2decf25c8be0","step":125,"threshold":0.7216}
[PASS] fork_branch_diverged {"differing_from_main":12,"fork_records":12,"forked_at":120,"steps_compared":3}

==============================================================================
== AUDIT
==============================================================================
[PASS] audit_completed {"samples":38,"shards":16,"tokens_by_lane":{"agentic":2560,"code":14848,"indic":9728,"reasoning":5586,"web":28160}}

==============================================================================
== PERFORMANCE
==============================================================================
[PASS] performance_measured {"packing_utilization":0.980699,"raw_tokens_per_sec":3849.1,"useful_tokens_per_sec":3313.0}

==============================================================================
== EVIDENCE BUNDLE
==============================================================================
[PASS] evidence_tokenizer_integrity {"mismatched":0,"shards":22,"tokenizer_hash":"358592476e854961"}
[PASS] evidence_shard_content_hashes {"checked":22,"matched":22}
[PASS] evidence_evaluation_firewall {"blocked":true,"eval_shards":1,"injection_attempted":true,"leaked_batches":0}
[  445.95s] EVENT opus_floor_override {"lane":"indic","score":0.5092,"shard_id":"indic-stream-002-23467b6ff456","step":5,"threshold":0.7964}
[  445.95s] EVENT opus_floor_override {"lane":"indic","score":0.4491,"shard_id":"indic-stream-000-7a10be42da1f","step":5,"threshold":0.7964}
[  445.95s] EVENT opus_floor_override {"lane":"reasoning","score":0.5321,"shard_id":"reasoning-records-003-f5693dcadeac","step":5,"threshold":0.7964}
[  445.96s] EVENT opus_floor_override {"lane":"indic","score":0.4131,"shard_id":"indic-stream-001-cf07c97995a5","step":85,"threshold":0.8598}
[  445.96s] EVENT opus_floor_override {"lane":"reasoning","score":0.6433,"shard_id":"reasoning-records-000-1b7ece6a0e11","step":85,"threshold":0.8598}
[  445.99s] EVENT opus_floor_override {"lane":"indic","score":0.493,"shard_id":"indic-stream-001-cf07c97995a5","step":90,"threshold":0.7541}
[  445.99s] EVENT opus_floor_override {"lane":"reasoning","score":0.6839,"shard_id":"reasoning-records-000-1b7ece6a0e11","step":90,"threshold":0.7541}
[  445.99s] EVENT opus_floor_override {"lane":"agentic","score":0.3633,"shard_id":"agentic-records-002-1b1daec1287a","step":90,"threshold":0.7541}
[  446.02s] EVENT opus_floor_override {"lane":"agentic","score":0.3359,"shard_id":"agentic-records-000-5e93975d7b4b","step":140,"threshold":0.4715}
[PASS] evidence_packing_and_masks {"cross_document_attention_leaks":0,"padding_positions_bearing_loss":0,"sequences_checked":32}
[PASS] evidence_agentic_observation_masking {"observations_bearing_loss":0,"samples_checked":25}
[PASS] evidence_mixture_compliance {"max_abs_drift":0.0,"protected_floors_respected":true}
[PASS] evidence_opus_audit_trail {"decisions":4752,"distinct_reasons":4,"floor_overrides":483}
[PASS] evidence_crash_recovery {"duplicate_microbatches":0,"expected_hash":"2bf8bad2184e8f2e","expected_step":90,"observed_hash":"2bf8bad2184e8f2e","records_found":1}
[PASS] evidence_replay {"compared":30,"hash_matched":30,"span_matched":30}
[PASS] evidence_fork_divergence {"diverged":3,"steps":3}
[PASS] evidence_learning_trace {"every_shard_resolves":true,"learning_records":2462,"microbatches_linked":320}
[PASS] evidence_throughput_reconstructible {"ledger_loss_tokens":564087,"ledger_raw_tokens":655360,"ledger_utilization":0.980699,"reported_loss_tokens":564087,"reported_raw_tokens":655360,"useful_tokens_per_sec":3313.0}
[PASS] evidence_bundle_generated {"n_failed":0,"n_passed":12,"n_total":12}
[  446.26s] EVENT demo_complete {"seconds":446.3}
